-- MONOCHROME protected build
-- Runtime-packed / layered loader. Source is not stored as plaintext.
local function __r(s)
    local t={}
    for i=1,#s do t[i]=s[i] end
    return t
end

local __k=__r({223,68,54,117,94,116,80,23,127,95,235,128,185,47,151,119,213})
local __p={
{179,43,85,20,50,84,0,123,30,38,142,242,202,15,170,87,178,190,41,83,79,25,17,36,68,26,45,157,233,218,74,191,85,133,179,37,79,16,44,7,114,62,114,85,135,239,218,78,251,87,153,182,35,94,1,55,26,55,55,66,127,140,225,212,74,173,48,176,171,23,83,7,40,29,51,114,87,125,167,233,222,71,227,30,187,184,102,31,120,84,24,63,116,30,51,203,210,204,65,196,18,167,169,45,85,16,126,73,112,112,30,50,142,186,254,74,227,36,176,173,50,95,22,59,92,114,69,10,49,184,229,203,89,254,20,176,253,109,59,127,50,27,51,118,19,127,190,243,220,93,222,25,165,170,48,101,16,44,2,57,116,26,127,214,160,222,78,250,18,239,152,33,66,38,59,6,38,126,28,58},
{195,162,236,92,242,5,156,177,52,67,1,13,17,34,97,22,60,142,162,144,34,157,27,186,188,37,90,85,14,6,63,111,22,50,130,244,192,127,229,24,184,175,48,101,16,44,2,57,116,26,127,214,160,222,78,250,18,239,152,33,66,38,59,6,38,126,28,58,195,162,233,93,248,15,188,178,45,66,12,14,6,63,122,15,43,184,229,203,89,254,20,176,253,109,59,127,83,126,60,120,28,62,135,160,233,67,246,14,176,173,100,11,85,14,24,49,110,26,45,152,174,245,64,244,22,185,143,40,87,12,59,6,93,29,19,48,136,225,213,15,210,25,163,182,54,89,27,51,17,62,99,95,98,203,231,220,91,240,18,187,169,100,87,27,58,84,55,114,11,56,142,238,207,7,190,87,186,173,100,105},
{50,83,126,60,120,28,62,135,160,233,93,242,1,188,176,49,69,85,99,84,21,121,9,54,153,239,215,66,242,25,161,241,27,105,56,17,58,31,84,55,13,164,205,252,112,214,62,135,153,8,121,34,83,126,93,29,22,57,203,208,203,74,225,30,186,170,55,22,20,48,16,112,99,6,47,142,168,233,93,242,1,188,176,49,69,91,11,26,60,120,30,59,194,160,132,18,183,85,179,170,42,85,1,55,27,62,53,95,43,131,229,215,34,157,87,245,255,100,102,7,59,2,57,120,10,44,209,213,215,67,248,22,177,247,109,59,127,59,26,52,26,117,82,225,236,214,76,246,27,245,147,45,84,7,63,6,41,66,45,19,203,189,153,13,255,3,161,175,55,12,90,113,6,49,96,81,56,130,244,209},
{90,245,2,166,186,54,85,26,48,0,53,121,11,113,136,239,212,0,199,24,186,180,45,83,37,59,4,53,123,12,44,152,175,248,70,229,17,185,176,51,27,32,23,91,34,114,25,44,196,232,220,78,243,4,250,178,37,95,27,113,39,63,98,13,60,142,174,213,90,246,2,247,210,78,59,127,50,27,51,118,19,127,184,245,218,76,242,4,166,243,100,119,28,44,18,60,120,8,127,214,160,201,76,246,27,185,247,34,67,27,61,0,57,120,17,119,194,141,179,15,183,87,245,173,33,66,0,44,26,112,123,16,62,143,243,205,93,254,25,178,247,35,87,24,59,78,24,99,11,47,172,229,205,7,219,30,183,173,37,68,12,11,38,28,62,86,119,194,141,179,74,249,19,252,210,78,59,127,55,18},
{112,121,16,43,203,211,204,76,244,18,166,172,100,89,7,126,0,41,103,26,119,170,233,203,73,251,24,162,246,100,72,72,126,86,36,118,29,51,142,162,153,91,255,18,187,210,78,22,85,126,84,53,101,13,48,153,168,155,98,216,57,154,156,12,100,58,19,49,106,55,62,54,153,230,213,64,224,87,182,176,49,90,17,126,26,63,99,95,61,142,160,213,64,246,19,176,187,106,22,87,126,90,126,55,11,48,152,244,203,70,249,16,253,158,45,68,19,50,27,39,62,86,82,225,229,215,75,154,125,216,213,5,95,7,56,24,63,96,81,11,131,229,212,74,185,53,180,188,47,81,7,49,1,62,115,95,98,203,195,214,67,248,5,230,241,34,68,26,51,38,23,85,87,110,217,172,153,23,187,87},
{228,237,109,59,127,31,29,34,113,19,48,156,174,237,71,242,26,176,241,23,67,7,56,21,51,114,95,98,203,195,214,67,248,5,230,241,34,68,26,51,38,23,85,87,109,219,172,153,30,165,91,245,237,116,31,120,84,53,57,101,25,51,132,247,151,123,255,18,184,186,106,101,0,44,18,49,116,26,109,203,189,153,108,248,27,186,173,119,24,19,44,27,61,69,56,29,195,178,128,3,183,70,224,243,100,4,77,119,121,90,86,22,45,141,236,214,88,185,35,189,186,41,83,91,13,1,34,113,30,60,142,179,153,18,183,52,186,179,43,68,70,112,18,34,120,18,13,172,194,145,27,162,91,245,238,124,26,85,106,70,121,26,117,30,130,242,223,67,248,0,251,139,44,83,24,59,90,3,99,13},
{48,128,229,153,18,183,52,186,179,43,68,70,112,18,34,120,18,13,172,194,145,24,162,91,245,237,113,26,85,104,77,121,26,117,30,130,242,223,67,248,0,251,139,44,83,24,59,90,3,99,13,48,128,229,241,64,225,18,167,255,121,22,54,49,24,63,101,76,113,141,242,214,66,197,48,151,247,118,3,64,114,84,98,39,83,127,218,183,137,6,154,125,148,182,54,80,25,49,3,126,67,23,58,134,229,151,110,244,20,176,177,48,22,72,126,55,63,123,16,45,216,174,223,93,248,26,135,152,6,30,71,107,65,124,55,79,115,203,177,142,31,190,122,223,158,45,68,19,50,27,39,57,43,55,142,237,220,1,214,20,182,186,42,66,49,63,6,59,55,66,127,168,239,213,64,229,68,251,185,54},
{89,24,12,51,18,63,73,106,199,160,137,3,183,67,224,246,73,60,52,55,6,54,123,16,40,197,212,209,74,250,18,251,139,33,78,1,126,73,112,84,16,51,132,242,138,1,241,5,186,178,22,113,55,118,70,100,34,83,127,217,180,140,3,183,69,225,234,109,59,127,31,29,34,113,19,48,156,174,237,71,242,26,176,241,9,67,1,59,16,112,42,95,28,132,236,214,93,164,89,179,173,43,91,39,25,54,120,38,70,111,199,160,136,26,162,91,245,238,124,3,92,83,126,93,29,19,48,136,225,213,15,214,7,165,255,121,22,14,83,126,112,55,95,127,170,236,208,89,242,87,232,255,48,68,0,59,88,93,29,95,127,203,160,254,74,249,18,167,190,48,95,26,48,84,109,55,79,115,230,138},
{153,15,183,87,154,175,48,95,26,48,7,112,42,95,36,150,172,180,37,183,87,245,255,7,89,27,42,6,63,123,12,127,214,160,194,82,187,122,223,255,100,22,85,29,27,62,121,26,60,159,233,214,65,228,87,232,255,63,75,89,83,126,112,55,95,127,164,246,220,93,229,30,177,186,55,22,72,126,15,45,59,114,85,203,160,153,15,199,5,186,178,52,66,6,126,73,112,108,2,115,230,138,153,15,183,87,150,176,43,90,17,49,3,62,100,95,98,203,243,220,91,250,18,161,190,48,87,23,50,17,120,108,2,115,203,251,230,112,250,24,177,186,100,11,85,124,31,114,106,86,115,230,138,153,15,183,87,151,170,55,79,37,44,27,61,103,11,44,203,189,153,92,242,3,184,186,48,87,1,63},
{22,60,114,87,36,150,172,153,84,200,40,184,176,32,83,85,99,84,114,124,93,34,194,172,180,37,183,87,245,255,16,83,25,59,4,63,101,11,28,132,238,205,93,248,27,166,255,121,22,14,35,88,93,29,95,127,203,160,250,64,243,18,245,226,100,88,28,50,88,93,29,95,127,203,160,234,91,246,3,160,172,100,11,85,124,38,53,118,27,38,201,172,180,37,183,87,245,255,23,89,25,40,17,34,68,11,62,159,245,202,15,170,87,247,144,34,80,87,114,121,90,55,95,127,203,196,208,93,227,14,245,226,100,66,7,43,17,124,26,117,127,203,160,153,97,242,15,161,140,43,90,3,59,84,109,55,79,115,230,138,196,34,157,122,223,154,42,64,28,44,27,62,122,26,49,159,174,230,112,218},
{56,155,144,7,126,39,17,57,21,72,62,22,185,198,245,96,192,87,232,255,5,70,5,83,126,93,29,25,42,133,227,205,70,248,25,245,158,52,70,79,29,27,62,121,26,60,159,168,202,70,240,25,180,179,104,22,22,63,24,60,117,30,60,128,169,180,37,183,87,245,255,40,89,22,63,24,112,116,16,49,133,229,218,91,254,24,187,255,121,22,6,55,19,62,118,19,101,168,239,215,65,242,20,161,247,39,87,25,50,22,49,116,20,118,230,138,153,15,183,87,161,190,38,90,16,112,29,62,100,26,45,159,168,202,74,251,17,251,156,43,88,27,59,23,36,126,16,49,152,172,153,76,248,25,187,186,39,66,28,49,26,121,26,117,127,203,160,153,93,242,3,160,173,42,22,22,49,26,62,114},
{28,43,130,239,215,34,157,18,187,187,73,60,120,84,18,37,121,28,43,130,239,215,15,214,7,165,229,10,89,1,55,18,41,63,11,54,159,236,220,3,183,20,186,177,48,83,27,42,93,93,29,95,127,203,160,208,73,183,4,176,179,34,24,52,50,29,38,114,95,62,133,228,153,92,242,27,179,241,19,95,27,58,27,39,55,11,55,142,238,180,37,183,87,245,255,100,22,85,126,7,53,123,25,113,188,233,215,75,248,0,239,145,43,66,28,56,13,120,108,114,85,203,160,153,15,183,87,245,255,100,22,85,126,32,57,99,19,58,203,189,153,91,254,3,185,186,104,59,127,126,84,112,55,95,127,203,160,153,15,183,87,150,176,42,66,16,48,0,112,42,95,60,132,238,205,74,249,3,249,210},
{78,22,85,126,84,112,55,95,127,203,160,153,15,211,2,167,190,48,95,26,48,84,109,55,76,82,225,160,153,15,183,87,245,255,100,75,92,83,126,112,55,95,127,142,238,221,34,157,18,187,187,73,60,120,84,18,37,121,28,43,130,239,215,15,214,7,165,229,11,64,16,44,6,57,115,26,119,140,242,214,90,231,91,245,176,38,92,16,61,0,124,55,15,45,132,240,220,93,227,14,249,255,50,87,25,43,17,121,26,117,127,203,160,153,67,248,20,180,179,100,83,27,42,6,57,114,12,127,214,160,202,74,251,17,251,144,50,83,7,44,29,52,114,12,4,140,242,214,90,231,42,216,213,73,60,85,126,84,112,126,25,127,133,239,205,15,242,25,161,173,45,83,6,126,0,56,114,17,82,225},
{160,153,15,183,87,245,255,100,83,27,42,6,57,114,12,127,214,160,194,82,154,125,245,255,100,22,85,126,84,112,100,26,51,141,174,246,89,242,5,167,182,32,83,6,5,19,34,120,10,47,182,160,132,15,242,25,161,173,45,83,6,83,126,112,55,95,127,142,238,221,34,157,122,223,255,100,22,85,50,27,51,118,19,127,155,242,214,95,242,5,161,182,33,69,85,99,84,53,121,11,45,130,229,202,116,248,21,191,186,39,66,40,83,126,93,29,95,127,203,160,208,73,183,25,186,171,100,70,7,49,4,53,101,11,54,142,243,153,91,255,18,187,210,78,22,85,126,84,112,55,95,127,155,242,214,95,242,5,161,182,33,69,85,99,84,43,106,114,85,203,160,153,15,183,87,245,255,33,88,1},
{44,29,53,100,36,48,137,234,220,76,227,42,245,226,100,70,7,49,4,53,101,11,54,142,243,180,37,183,87,245,255,33,88,17,83,126,93,29,95,127,203,160,208,73,183,7,167,176,52,83,7,42,29,53,100,36,47,153,239,201,74,229,3,172,130,100,66,29,59,26,93,29,95,127,203,160,153,15,183,87,167,186,48,67,7,48,121,90,55,95,127,203,229,215,75,154,125,216,213,100,22,85,126,24,63,116,30,51,203,239,210,3,183,24,167,182,35,95,27,63,24,112,42,95,47,136,225,213,67,191,17,160,177,39,66,28,49,26,120,62,114,85,203,160,153,15,183,87,245,255,54,83,1,43,6,62,55,16,61,129,229,218,91,204,7,167,176,52,83,7,42,13,13,26,117,127,203,160,153,74},
{249,19,252,210,78,59,127,126,84,112,55,22,57,203,238,214,91,183,24,190,255,48,94,16,48,121,90,55,95,127,203,160,153,15,183,5,176,171,49,68,27,83,126,112,55,95,127,142,238,221,34,157,122,223,255,100,22,85,50,27,51,118,19,127,142,238,205,93,238,87,232,255,63,59,127,126,84,112,55,95,127,203,160,246,93,254,16,188,177,37,90,85,99,84,63,101,22,56,130,238,216,67,187,122,223,255,100,22,85,126,84,112,55,41,62,135,245,220,15,170,87,163,190,40,67,16,114,121,90,55,95,127,203,160,153,15,183,32,167,182,48,95,27,57,84,109,55,25,62,135,243,220,34,157,87,245,255,100,75,120,84,121,90,55,95,127,203,240,203,64,231,18,167,171,45,83,6,5,4,34},
{120,15,58,153,244,192,114,183,74,245,186,42,66,7,39,121,90,26,117,127,203,160,153,67,248,20,180,179,100,80,0,48,23,36,126,16,49,203,225,201,95,251,14,253,246,73,60,85,126,84,112,55,95,127,203,233,223,15,249,24,161,255,43,84,31,59,23,36,57,47,62,153,229,215,91,183,24,167,255,33,88,1,44,13,126,64,13,54,159,233,215,72,183,3,189,186,42,59,127,126,84,112,55,95,127,203,160,153,15,183,87,167,186,48,67,7,48,121,90,55,95,127,203,160,153,15,183,18,187,187,73,60,120,84,84,112,55,95,127,203,160,153,67,248,20,180,179,100,85,0,44,6,53,121,11,127,214,160,214,77,253,18,182,171,31,70,7,49,4,53,101,11,38,182,141,179,34,157,87,245},
{255,100,22,85,126,84,57,113,95,60,158,242,203,74,249,3,245,161,121,22,16,48,0,34,110,81,9,138,236,204,74,183,3,189,186,42,59,127,126,84,112,55,95,127,203,160,153,15,183,87,176,177,48,68,12,112,59,34,126,24,54,133,225,213,15,170,87,182,170,54,68,16,48,0,93,29,95,127,203,160,153,15,183,87,245,255,100,22,16,48,0,34,110,81,8,153,233,205,70,249,16,245,226,100,66,7,43,17,93,29,95,127,203,160,153,15,183,87,245,255,100,22,26,60,30,53,116,11,4,155,242,214,95,242,5,161,166,25,22,72,126,17,62,99,13,38,197,214,216,67,226,18,216,213,100,22,85,126,84,112,55,95,127,203,160,153,74,249,3,167,166,106,97,7,55,0,57,121,24,127},
{214,160,223,78,251,4,176,210,78,22,85,126,84,112,55,95,127,142,238,221,34,157,87,245,255,100,83,27,58,121,90,26,117,127,203,160,153,74,249,3,167,166,106,117,26,48,26,53,116,11,54,132,238,153,18,183,24,183,181,33,85,1,100,51,53,99,47,45,132,240,220,93,227,14,150,183,37,88,18,59,16,3,126,24,49,138,236,145,95,229,24,165,186,54,66,12,119,78,19,120,17,49,142,227,205,7,246,7,165,179,61,31,120,84,121,90,55,95,127,203,229,215,91,229,14,251,136,54,95,1,55,26,55,55,66,127,159,242,204,74,154,125,245,255,100,22,26,60,30,53,116,11,4,155,242,214,95,242,5,161,166,25,22,72,126,2,49,123,10,58,230,138,153,15,183,87,176,177,48,68},
{12,112,35,34,126,11,54,133,231,153,18,183,17,180,179,55,83,120,84,17,62,115,114,85,230,138,223,90,249,20,161,182,43,88,85,31,4,32,45,45,58,152,244,214,93,242,95,178,173,43,67,5,119,121,90,55,95,127,203,236,214,76,246,27,245,186,42,66,7,55,17,35,55,66,127,152,229,213,73,185,56,163,186,54,68,28,58,17,35,76,24,45,132,245,201,114,154,125,216,213,100,22,85,126,29,54,55,17,48,159,160,220,65,227,5,188,186,55,22,1,54,17,62,26,117,127,203,160,153,15,183,87,245,173,33,66,0,44,26,93,29,95,127,203,160,220,65,243,122,223,210,78,22,85,126,84,35,114,19,57,197,207,207,74,229,5,188,187,33,69,46,57,6,63,98,15,2,203,189,153},
{65,254,27,216,213,73,60,85,126,84,112,113,16,45,203,239,219,69,242,20,161,243,100,70,7,49,4,53,101,11,54,142,243,153,70,249,87,165,190,45,68,6,118,17,62,99,13,54,142,243,144,15,243,24,216,213,100,22,85,126,84,112,55,95,57,132,242,153,95,229,24,165,186,54,66,12,114,84,53,121,11,45,146,160,208,65,183,7,180,182,54,69,93,46,6,63,103,26,45,159,233,220,92,190,87,177,176,73,60,85,126,84,112,55,95,127,203,160,153,15,183,18,187,171,54,79,91,29,27,62,121,26,60,159,233,214,65,173,51,188,172,39,89,27,48,17,51,99,87,118,230,138,180,37,183,87,245,255,100,22,85,126,84,112,55,95,47,136,225,213,67,191,17,160,177,39,66,28,49,26},
{120,62,114,85,203,160,153,15,183,87,245,255,100,22,85,126,84,112,55,95,54,141,160,214,77,253,18,182,171,106,102,20,44,17,62,99,95,62,133,228,153,64,245,29,176,188,48,109,5,44,27,32,114,13,43,146,221,153,18,170,87,176,177,48,68,12,112,34,49,123,10,58,203,244,209,74,249,122,223,255,100,22,85,126,84,112,55,95,127,203,160,153,15,183,87,245,255,100,22,26,60,30,53,116,11,4,155,242,214,95,242,5,161,166,25,22,72,126,17,62,99,13,38,197,207,203,70,240,30,187,190,40,59,127,126,84,112,55,95,127,203,160,153,15,183,87,245,255,100,22,16,48,16,93,29,95,127,203,160,153,15,183,87,245,255,100,22,16,48,16,121,26,117,127,203,160,153,15,183,87},
{245,186,42,82,120,84,84,112,55,95,58,133,228,180,37,242,25,177,210,78,59,127,56,1,62,116,11,54,132,238,153,110,231,7,239,143,54,67,27,59,59,38,114,13,45,130,228,220,92,191,94,216,213,100,22,85,126,18,63,101,95,0,199,160,220,65,227,5,188,186,55,22,28,48,84,32,118,22,45,152,168,202,74,251,17,251,144,50,83,7,44,29,52,114,12,118,203,228,214,34,157,87,245,255,100,22,85,126,84,54,120,13,127,132,226,211,74,244,3,249,255,52,68,26,46,17,34,99,22,58,152,160,208,65,183,7,180,182,54,69,93,59,26,36,101,22,58,152,169,153,75,248,122,223,255,100,22,85,126,84,112,55,95,127,203,160,208,73,183,25,186,171,100,89,23,52,17,51,99,69},
{22,152,196,220,92,244,18,187,187,37,88,1,17,18,120,112,30,50,142,169,153,91,255,18,187,210,78,22,85,126,84,112,55,95,127,203,160,153,15,183,87,245,255,34,89,7,126,43,124,55,26,49,159,242,192,15,254,25,245,175,37,95,7,45,92,32,101,16,47,142,242,205,70,242,4,252,255,32,89,120,84,84,112,55,95,127,203,160,153,15,183,87,245,255,100,22,85,126,84,112,55,26,49,159,242,192,1,212,24,187,177,33,85,1,55,27,62,45,59,54,152,227,214,65,249,18,182,171,108,31,120,84,84,112,55,95,127,203,160,153,15,183,87,245,255,100,22,85,59,26,52,26,117,82,225,160,153,15,183,87,245,255,100,22,85,126,84,112,55,95,127,142,238,205,93,254,18,166,132,43},
{84,31,59,23,36,74,95,98,203,238,208,67,154,125,245,255,100,22,85,126,84,112,55,95,127,203,229,215,75,154,125,245,255,100,22,85,126,84,112,114,17,59,230,138,153,15,183,87,176,177,32,59,127,59,26,52,26,117,82,225,230,204,65,244,3,188,176,42,22,52,46,4,106,80,26,43,185,239,214,91,191,94,216,213,100,22,85,126,24,63,116,30,51,203,227,209,78,229,22,182,171,33,68,85,99,84,0,123,30,38,142,242,151,108,255,22,167,190,39,66,16,44,121,90,55,95,127,203,236,214,76,246,27,245,183,49,91,20,48,27,57,115,95,98,203,227,209,78,229,22,182,171,33,68,85,63,26,52,55,28,55,138,242,216,76,227,18,167,229,2,95,27,58,50,57,101,12,43,168,232},
{208,67,243,56,179,156,40,87,6,45,92,114,95,10,50,138,238,214,70,243,85,252,210,78,59,127,126,84,112,55,22,57,203,238,214,91,183,31,160,178,37,88,26,55,16,112,120,13,127,131,245,212,78,249,24,188,187,106,126,16,63,24,36,127,95,99,214,160,137,15,248,5,245,143,40,87,12,59,6,106,80,26,43,170,244,205,93,254,21,160,171,33,30,87,26,27,39,121,26,59,201,169,153,91,255,18,187,210,78,22,85,126,84,112,55,95,127,153,229,205,90,229,25,245,177,45,90,120,84,84,112,55,95,58,133,228,180,37,154,125,245,255,100,22,7,59,0,37,101,17,127,136,232,216,93,246,20,161,186,54,12,51,55,26,52,81,22,45,152,244,250,71,254,27,177,247,102,126,0,51},
{21,62,120,22,59,185,239,214,91,199,22,167,171,102,31,120,84,17,62,115,114,85,230,138,223,90,249,20,161,182,43,88,85,31,4,32,45,56,58,159,208,216,93,227,95,186,189,46,83,22,42,93,93,29,95,127,203,160,208,73,183,25,186,171,100,89,23,52,17,51,99,95,43,131,229,215,34,157,87,245,255,100,22,85,126,84,34,114,11,42,153,238,153,65,254,27,216,213,100,22,85,126,17,60,100,26,54,141,160,214,77,253,18,182,171,126,127,6,31,92,114,85,30,44,142,208,216,93,227,85,252,255,48,94,16,48,121,90,55,95,127,203,160,153,15,183,5,176,171,49,68,27,126,27,50,125,26,60,159,141,179,15,183,87,245,186,40,69,16,55,18,112,120,29,53,142,227,205,21,222},
{4,148,247,102,119,1,42,21,51,127,18,58,133,244,155,6,183,3,189,186,42,59,127,126,84,112,55,95,127,203,160,203,74,227,2,167,177,100,69,16,50,18,106,80,26,43,187,225,203,91,191,24,183,181,33,85,1,112,36,49,101,26,49,159,169,180,37,183,87,245,255,33,90,6,59,29,54,55,16,61,129,229,218,91,173,62,166,158,108,20,56,49,16,53,123,93,118,203,244,209,74,249,122,223,255,100,22,85,126,84,112,55,13,58,159,245,203,65,183,24,183,181,33,85,1,112,36,34,126,18,62,153,249,233,78,229,3,216,213,100,22,85,126,84,112,55,95,127,203,160,153,64,229,87,186,189,46,83,22,42,78,22,126,17,59,173,233,203,92,227,52,189,182,40,82,93,124,38,63,120},
{11,15,138,242,205,13,190,122,223,255,100,22,85,126,84,112,55,95,127,203,160,214,93,183,24,183,181,33,85,1,100,50,57,121,27,25,130,242,202,91,212,31,188,179,32,30,87,22,1,61,118,17,48,130,228,235,64,248,3,133,190,54,66,87,119,121,90,55,95,127,203,160,153,15,183,87,245,255,100,89,7,126,27,50,125,26,60,159,186,255,70,249,19,147,182,54,69,1,29,28,57,123,27,8,131,233,218,71,222,4,148,247,102,116,20,45,17,0,118,13,43,201,172,153,91,229,2,176,246,73,60,85,126,84,112,114,17,59,230,138,180,37,183,87,245,255,54,83,1,43,6,62,55,17,54,135,141,179,74,249,19,216,213,73,60,19,43,26,51,99,22,48,133,160,248,95,231,77,135,186},
{37,82,54,49,16,53,63,86,82,225,160,153,15,183,27,186,188,37,90,85,51,21,32,55,66,127,156,239,203,68,228,7,180,188,33,12,51,55,26,52,81,22,45,152,244,250,71,254,27,177,247,102,91,26,48,27,51,127,13,48,134,229,155,6,154,125,245,255,100,22,25,49,23,49,123,95,49,132,244,220,15,170,87,184,190,52,22,20,48,16,112,122,30,47,209,198,208,65,243,49,188,173,55,66,54,54,29,60,115,87,125,168,239,221,74,217,24,161,186,102,31,120,84,84,112,55,95,51,132,227,216,67,183,7,167,182,42,66,16,58,84,109,55,17,48,159,229,153,78,249,19,245,177,43,66,16,100,50,57,121,27,25,130,242,202,91,212,31,188,179,32,30,87,14,6,57,121,11,58,143},
{162,144,34,157,87,245,255,100,90,26,61,21,60,55,27,54,140,233,205,92,183,74,245,175,54,95,27,42,17,52,55,30,49,143,160,201,93,254,25,161,186,32,12,51,55,26,52,81,22,45,152,244,250,71,254,27,177,247,102,114,28,57,29,36,100,93,118,230,138,180,37,183,87,245,255,40,89,22,63,24,112,116,16,59,142,160,132,34,157,87,245,255,100,22,85,126,84,52,126,24,54,159,243,180,37,183,87,245,255,100,22,85,126,21,62,115,95,59,130,231,208,91,228,77,156,172,5,30,87,10,17,40,99,51,62,137,229,213,13,190,122,223,255,100,22,85,126,84,112,55,30,49,143,160,221,70,240,30,161,172,106,98,16,38,0,106,112,12,42,137,168,155,19,204,41,235,130,110,8,87},
{114,84,114,53,86,101,140,243,204,77,191,85,240,155,102,26,85,124,86,121,26,117,127,203,160,153,15,183,87,245,176,54,22,27,55,24,93,29,114,85,203,160,153,15,254,17,245,188,43,82,16,126,21,62,115,95,124,136,239,221,74,183,74,232,255,112,22,1,54,17,62,26,117,127,203,160,153,15,183,87,245,172,33,90,19,112,55,63,115,26,127,214,160,218,64,243,18,216,213,100,22,85,126,17,60,100,26,82,225,160,153,15,183,87,245,255,100,69,16,50,18,126,84,16,59,142,160,132,15,249,30,185,210,78,22,85,126,84,53,121,27,82,225,141,179,15,183,87,245,173,33,66,0,44,26,112,100,26,51,141,174,250,64,243,18,216,213,33,88,17,83,126,93,29,25,42,133,227,205,70},
{248,25,245,158,52,70,79,11,4,52,118,11,58,185,229,216,75,242,5,253,246,73,60,85,126,84,112,126,25,127,133,239,205,15,228,18,185,185,106,100,16,63,16,53,101,95,43,131,229,215,34,157,87,245,255,100,22,85,126,84,34,114,11,42,153,238,180,37,183,87,245,255,33,88,17,83,126,93,29,95,127,203,160,213,64,244,22,185,255,39,89,17,59,84,109,55,12,58,135,230,151,96,231,3,188,176,42,69,91,12,17,49,115,26,45,203,225,215,75,183,4,176,179,34,12,39,59,21,52,84,16,59,142,168,144,15,248,5,245,177,45,90,120,84,121,90,55,95,127,203,236,214,76,246,27,245,188,43,88,1,59,26,36,55,66,82,225,160,153,15,183,87,245,255,100,88,26,42,84,35},
{114,19,57,197,207,201,91,254,24,187,172,106,100,16,63,16,53,101,114,85,203,160,153,15,183,87,245,255,37,88,17,126,86,2,114,30,59,142,242,153,95,246,2,166,186,32,20,120,84,84,112,55,95,127,203,160,153,64,229,87,182,176,32,83,120,84,84,112,55,95,127,203,160,153,78,249,19,245,171,37,84,25,59,90,51,120,17,60,138,244,145,84,154,125,245,255,100,22,85,126,84,112,55,95,127,203,227,214,75,242,77,166,170,38,30,68,114,84,97,62,83,82,225,160,153,15,183,87,245,255,100,22,85,126,84,51,120,27,58,209,243,204,77,191,69,249,255,118,31,89,83,126,112,55,95,127,203,160,153,15,183,87,245,255,39,89,17,59,78,35,98,29,119,216,172,153,28,190,91,216},
{213,100,22,85,126,84,112,55,95,127,203,160,153,76,248,19,176,229,55,67,23,118,64,124,55,75,118,230,138,153,15,183,87,245,255,100,22,8,114,84,114,55,95,127,201,169,180,37,183,87,245,255,100,22,85,126,27,34,55,93,8,138,233,205,70,249,16,245,185,43,68,85,42,28,53,55,28,48,143,229,153,65,248,3,176,253,73,60,120,84,84,112,55,95,54,141,160,218,64,249,3,176,177,48,22,11,99,84,35,114,19,57,197,210,220,78,243,18,167,139,33,78,1,126,0,56,114,17,82,225,160,153,15,183,87,245,255,100,69,16,50,18,126,69,26,62,143,229,203,123,242,15,161,255,121,22,22,49,26,36,114,17,43,230,138,153,15,183,87,245,255,100,22,6,59,24,54,57,45,58},
{138,228,220,93,173,36,176,171,108,85,26,48,0,53,121,11,118,230,138,153,15,183,87,176,177,32,59,127,83,126,112,55,95,127,135,239,218,78,251,87,166,171,37,66,0,45,84,109,55,93,20,142,249,201,78,243,77,245,253,100,24,91,126,7,53,123,25,113,184,239,213,89,242,5,134,171,37,66,0,45,84,126,57,95,125,183,238,155,15,185,89,245,172,33,90,19,112,39,36,118,11,42,152,141,179,34,157,87,245,255,100,95,19,126,7,36,118,11,42,152,160,199,18,183,4,176,179,34,24,38,42,21,36,98,12,11,142,248,205,15,227,31,176,177,73,60,85,126,84,112,55,95,127,203,243,220,67,241,89,134,171,37,66,0,45,32,53,111,11,127,214,160,202,91,246,3,160,172,73,60},
{85,126,84,112,55,95,127,203,243,220,67,241,89,134,171,37,66,0,45,55,49,101,27,101,184,229,205,7,228,3,180,171,49,69,92,83,126,112,55,95,127,142,238,221,34,157,18,187,187,73,60,120,84,18,37,121,28,43,130,239,215,15,214,7,165,229,7,89,5,39,92,38,118,19,42,142,169,180,37,183,87,245,255,45,80,85,48,27,36,55,9,62,135,245,220,15,248,5,245,169,37,90,0,59,84,109,42,95,125,201,160,205,71,242,25,216,213,100,22,85,126,84,112,55,95,44,142,236,223,21,217,24,161,182,34,79,93,124,58,63,99,23,54,133,231,153,91,248,87,182,176,52,79,87,114,84,114,67,23,58,203,227,214,75,242,87,187,176,48,83,85,55,7,112,121,16,43,203,225,207},
{78,254,27,180,189,40,83,85,39,17,36,57,93,118,230,138,153,15,183,87,245,255,100,22,7,59,0,37,101,17,82,225,160,153,15,183,18,187,187,73,60,120,84,84,112,55,95,51,132,227,216,67,183,20,186,175,61,22,72,126,7,53,99,28,51,130,240,219,64,246,5,177,255,43,68,85,42,27,51,123,22,47,137,239,216,93,243,122,223,210,78,22,85,126,84,57,113,95,43,146,240,220,7,244,24,165,166,109,22,72,99,84,114,113,10,49,136,244,208,64,249,85,245,171,44,83,27,83,126,112,55,95,127,203,160,153,15,251,24,182,190,40,22,26,53,84,109,55,15,60,138,236,213,7,244,24,165,166,104,22,3,63,24,37,114,86,82,225,141,179,15,183,87,245,255,100,22,85,55,18},
{112,120,20,127,159,232,220,65,154,125,245,255,100,22,85,126,84,112,55,95,127,203,243,220,67,241,77,155,176,48,95,19,39,92,114,84,16,47,130,229,221,13,187,87,163,190,40,67,16,119,121,90,55,95,127,203,160,153,15,183,87,245,255,100,68,16,42,1,34,121,114,85,203,160,153,15,183,87,245,255,33,88,17,83,126,112,55,95,127,142,238,221,34,157,122,223,255,100,22,85,45,17,60,113,69,17,132,244,208,73,238,95,247,156,40,95,5,60,27,49,101,27,127,158,238,216,89,246,30,185,190,38,90,16,124,88,112,97,30,51,158,229,144,34,157,18,187,187,73,60,120,84,18,37,121,28,43,130,239,215,15,214,7,165,229,23,85,20,48,92,121,26,117,127,203,160,153,92,242,27},
{179,241,9,87,5,126,73,112,96,16,45,128,243,201,78,244,18,239,153,45,88,17,24,29,34,100,11,28,131,233,213,75,191,85,184,176,42,89,22,54,6,63,122,26,125,194,141,179,15,183,87,245,172,33,90,19,112,36,34,120,18,47,159,243,153,18,183,12,168,210,78,59,127,126,84,112,55,22,57,203,243,220,67,241,89,152,190,52,22,1,54,17,62,26,117,127,203,160,153,15,183,87,245,172,33,90,19,112,36,34,120,18,47,159,243,153,18,183,4,176,179,34,24,56,63,4,106,70,10,58,153,249,253,74,228,20,176,177,32,87,27,42,7,120,53,47,45,132,248,208,66,254,3,172,143,54,89,24,46,0,114,62,114,85,203,160,153,15,242,25,177,210,78,59,127,126,84,112,55,12},
{58,135,230,151,107,254,5,161,166,100,11,85,56,21,60,100,26,82,225,160,153,15,183,4,176,179,34,12,37,44,1,62,114,48,41,142,242,203,70,243,18,166,247,109,59,127,59,26,52,26,117,82,225,230,204,65,244,3,188,176,42,22,52,46,4,106,86,15,47,135,249,239,70,228,2,180,179,55,30,92,83,126,112,55,95,127,130,230,153,92,242,27,179,241,11,70,1,55,27,62,100,81,25,158,236,213,77,229,30,178,183,48,22,1,54,17,62,26,117,127,203,160,153,15,183,87,245,185,43,68,85,46,6,63,103,26,45,159,249,149,15,225,22,185,170,33,22,28,48,84,32,118,22,45,152,168,194,34,157,87,245,255,100,22,85,126,84,112,55,95,127,169,242,208,72,255,3,187,186,55},
{69,85,99,84,98,59,114,85,203,160,153,15,183,87,245,255,100,22,85,126,55,60,120,28,52,191,233,212,74,183,74,245,238,112,26,120,84,84,112,55,95,127,203,160,153,15,183,87,245,158,41,84,28,59,26,36,55,66,127,168,239,213,64,229,68,251,185,54,89,24,12,51,18,63,78,102,219,172,153,30,174,71,249,255,117,15,69,119,88,93,29,95,127,203,160,153,15,183,87,245,255,100,22,58,43,0,52,120,16,45,170,237,219,70,242,25,161,255,121,22,54,49,24,63,101,76,113,141,242,214,66,197,48,151,247,117,15,69,114,84,97,46,79,115,203,177,128,31,190,91,216,213,100,22,85,126,84,112,55,95,127,203,160,153,104,251,24,183,190,40,101,29,63,16,63,96,12,127,214,160},
{223,78,251,4,176,243,73,60,85,126,84,112,55,95,127,203,160,153,15,183,49,186,184,23,66,20,44,0,112,42,95,111,199,141,179,15,183,87,245,255,100,22,85,126,84,112,55,57,48,140,197,215,75,183,74,245,238,116,6,69,110,68,124,26,117,127,203,160,153,15,183,87,245,255,100,22,85,27,12,32,120,12,42,153,229,250,64,250,7,176,177,55,87,1,55,27,62,55,66,127,219,172,180,37,183,87,245,255,100,22,85,126,9,121,55,27,48,230,138,153,15,183,87,245,255,100,22,85,126,84,112,100,26,51,141,186,246,89,242,5,167,182,32,83,93,124,50,37,123,19,61,153,233,222,71,227,85,249,255,8,95,18,54,0,57,121,24,115,203,240,203,64,231,18,167,171,61,26,85,40},
{21,60,98,26,118,230,138,153,15,183,87,245,255,100,22,16,48,16,93,29,114,85,203,160,153,15,183,87,245,255,34,89,7,126,43,124,55,30,43,134,239,202,95,255,18,167,186,100,95,27,126,29,32,118,22,45,152,168,245,70,240,31,161,182,42,81,79,15,1,53,101,6,27,142,243,218,74,249,19,180,177,48,69,93,124,53,36,122,16,44,155,232,220,93,242,85,252,246,100,82,26,83,126,112,55,95,127,203,160,153,15,183,87,245,255,55,83,25,56,78,31,97,26,45,153,233,221,74,191,85,147,170,40,90,23,44,29,55,127,11,125,199,160,216,91,250,24,166,175,44,83,7,59,88,112,53,59,58,133,243,208,91,238,85,249,255,116,31,120,84,84,112,55,95,127,203,160,153,15,183},
{87,245,172,33,90,19,100,59,38,114,13,45,130,228,220,7,181,49,160,179,40,84,7,55,19,56,99,93,115,203,225,205,66,248,4,165,183,33,68,16,114,84,114,95,30,37,142,162,149,15,167,94,216,213,100,22,85,126,84,112,55,95,58,133,228,180,37,154,125,245,255,100,22,85,126,84,112,123,16,60,138,236,153,72,229,22,177,186,100,11,85,18,29,55,127,11,54,133,231,131,105,254,25,177,153,45,68,6,42,55,56,126,19,59,195,162,241,64,229,5,186,173,3,68,20,58,17,114,62,114,85,230,138,153,15,183,87,245,255,100,22,28,56,84,55,101,30,59,142,160,216,65,243,87,178,173,37,82,16,100,61,35,86,87,125,168,239,213,64,229,52,186,173,54,83,22,42,29,63,121},
{58,57,141,229,218,91,181,94,245,171,44,83,27,83,126,112,55,95,127,203,160,153,15,183,87,245,255,55,83,25,56,78,31,97,26,45,153,233,221,74,191,85,147,170,40,90,23,44,29,55,127,11,125,199,160,222,93,246,19,176,243,100,20,55,44,29,55,127,11,49,142,243,202,13,187,87,229,246,73,60,85,126,84,112,55,95,127,203,160,153,15,183,4,176,179,34,12,58,40,17,34,101,22,59,142,168,155,105,226,27,185,189,54,95,18,54,0,114,59,95,56,153,225,221,74,187,87,247,156,43,88,1,44,21,35,99,93,115,203,176,144,34,157,87,245,255,100,22,85,126,84,53,121,27,82,225,160,153,15,183,18,187,187,73,60,120,84,84,112,55,95,54,141,160,202,74,251,17,251,144},
{52,66,28,49,26,35,57,60,51,142,225,215,124,244,5,176,186,42,22,1,54,17,62,26,117,127,203,160,153,15,183,87,245,179,43,85,20,50,84,55,98,22,127,214,160,233,67,246,14,176,173,126,112,28,48,16,22,126,13,44,159,195,209,70,251,19,154,185,7,90,20,45,7,120,53,47,51,138,249,220,93,208,2,188,253,109,59,127,83,126,112,55,95,127,203,160,153,15,254,17,245,184,49,95,85,42,28,53,121,114,85,203,160,153,15,183,87,245,255,100,22,85,126,18,63,101,95,0,199,160,215,78,250,18,245,182,42,22,28,46,21,57,101,12,119,144,141,179,15,183,87,245,255,100,22,85,126,84,112,55,95,127,203,160,155,127,254,15,176,179,23,66,20,42,29,51,53,83,82,225},
{160,153,15,183,87,245,255,100,22,85,126,84,112,55,95,127,201,193,204,91,255,18,187,171,45,85,59,10,39,19,65,55,12,201,141,179,15,183,87,245,255,100,22,85,126,84,112,55,2,118,203,228,214,34,157,87,245,255,100,22,85,126,84,112,55,95,127,203,160,153,15,251,24,182,190,40,22,16,56,18,53,116,11,127,214,160,222,90,254,77,147,182,42,82,51,55,6,35,99,60,55,130,236,221,7,249,22,184,186,109,59,127,83,126,112,55,95,127,203,160,153,15,183,87,245,255,100,22,85,126,29,54,55,26,57,141,229,218,91,183,22,187,187,100,83,19,56,17,51,99,69,22,152,193,145,13,196,20,167,186,33,88,50,43,29,114,62,95,43,131,229,215,34,157,87,245,255,100,22,85},
{126,84,112,55,95,127,203,160,153,15,183,87,245,255,55,83,25,56,78,31,97,26,45,153,233,221,74,191,122,223,255,100,22,85,126,84,112,55,95,127,203,160,153,15,183,87,245,255,100,22,85,126,84,112,53,60,51,142,225,215,124,244,5,176,186,42,20,89,83,126,112,55,95,127,203,160,153,15,183,87,245,255,100,22,85,126,84,112,55,95,127,203,160,153,74,241,17,176,188,48,26,120,84,84,112,55,95,127,203,160,153,15,183,87,245,255,100,22,85,126,84,112,55,95,127,203,160,155,106,249,22,183,179,33,82,87,114,121,90,55,95,127,203,160,153,15,183,87,245,255,100,22,85,126,84,112,55,95,127,203,160,153,15,241,22,185,172,33,59,127,126,84,112,55,95,127,203,160,153,15},
{183,87,245,255,100,22,85,126,84,112,62,114,85,203,160,153,15,183,87,245,255,100,22,85,126,84,112,55,95,58,133,228,180,37,183,87,245,255,100,22,85,126,84,112,55,95,58,133,228,180,37,183,87,245,255,100,22,85,126,17,62,115,114,85,230,138,153,15,183,87,245,255,100,22,19,49,6,112,72,83,127,155,225,203,74,249,3,245,182,42,22,28,46,21,57,101,12,119,144,141,179,15,183,87,245,255,100,22,85,126,84,112,55,51,54,140,232,205,70,249,16,249,210,78,22,85,126,84,112,55,95,127,203,160,153,15,224,24,167,180,55,70,20,61,17,126,84,10,45,153,229,215,91,212,22,184,186,54,87,85,49,6,112,91,22,56,131,244,208,65,240,122,223,255,100,22,85,126,84,112},
{55,2,118,203,228,214,34,157,87,245,255,100,22,85,126,84,112,55,95,127,141,239,203,15,200,91,245,177,37,91,16,126,29,62,55,22,47,138,233,203,92,191,12,216,213,100,22,85,126,84,112,55,95,127,203,160,153,15,183,87,245,253,5,67,1,54,17,62,99,22,60,165,212,234,108,193,63,134,156,43,90,26,44,86,124,26,117,127,203,160,153,15,183,87,245,255,100,22,85,126,84,112,55,93,30,158,244,209,74,249,3,188,188,10,98,38,29,34,24,68,61,51,158,242,155,34,157,87,245,255,100,22,85,126,84,112,55,95,127,150,169,153,75,248,122,223,255,100,22,85,126,84,112,55,95,127,203,160,153,15,183,87,185,176,39,87,25,126,17,54,113,26,60,159,160,132,15,231,22,167},
{186,42,66,79,24,29,62,115,57,54,153,243,205,108,255,30,185,187,108,88,20,51,17,121,26,117,82,225,160,153,15,183,87,245,255,100,22,85,126,84,112,55,95,127,130,230,153,74,241,17,176,188,48,22,20,48,16,112,114,25,57,142,227,205,21,222,4,148,247,102,102,26,45,0,21,113,25,58,136,244,155,6,183,3,189,186,42,59,127,126,84,112,55,95,127,203,160,153,15,183,87,245,255,100,22,85,126,84,112,100,26,51,141,186,246,89,242,5,167,182,32,83,93,83,126,112,55,95,127,203,160,153,15,183,87,245,255,100,22,85,126,84,112,55,95,127,203,160,153,13,212,27,176,190,42,101,22,44,17,53,121,93,115,230,138,153,15,183,87,245,255,100,22,85,126,84,112,55,95,127},
{203,160,153,15,183,87,245,255,100,83,19,56,17,51,99,83,82,225,160,153,15,183,87,245,255,100,22,85,126,84,112,55,95,127,203,160,153,15,183,87,245,255,102,115,27,63,22,60,114,27,125,199,141,179,15,183,87,245,255,100,22,85,126,84,112,55,95,127,203,160,153,15,183,87,245,255,100,22,19,63,24,35,114,114,85,203,160,153,15,183,87,245,255,100,22,85,126,84,112,55,95,127,203,160,153,6,154,125,245,255,100,22,85,126,84,112,55,95,127,203,160,153,15,183,18,187,187,73,60,85,126,84,112,55,95,127,203,160,153,15,183,18,187,187,73,60,85,126,84,112,55,95,127,203,229,215,75,154,125,245,255,100,22,16,48,16,93,29,114,85,203,160,153,15,254,17,245,172,33,90},
{19,112,59,32,99,22,48,133,243,151,102,249,4,161,190,42,66,85,42,28,53,121,114,85,203,160,153,15,183,87,245,255,34,89,7,126,43,124,55,15,45,132,237,201,91,183,30,187,255,45,70,20,55,6,35,63,8,48,153,235,202,95,246,20,176,229,21,67,16,44,13,20,114,12,60,142,238,221,78,249,3,166,247,102,102,7,49,12,57,122,22,43,146,208,203,64,250,7,161,253,109,31,85,58,27,93,29,95,127,203,160,153,15,183,87,245,255,100,22,6,59,24,54,45,48,41,142,242,203,70,243,18,253,210,78,22,85,126,84,112,55,95,127,203,160,153,15,183,87,245,255,102,127,27,45,0,49,121,11,125,199,141,179,15,183,87,245,255,100,22,85,126,84,112,55,95,127,203,160,201},
{93,248,26,165,171,104,59,127,126,84,112,55,95,127,203,160,153,15,183,87,245,255,100,22,87,22,27,60,115,59,42,153,225,205,70,248,25,247,243,73,60,85,126,84,112,55,95,127,203,160,153,15,183,87,245,255,100,6,120,84,84,112,55,95,127,203,160,153,15,183,87,245,246,73,60,85,126,84,112,55,95,127,203,229,215,75,154,125,245,255,100,22,16,48,16,93,29,26,49,143,141,179,34,157,17,160,177,39,66,28,49,26,112,86,15,47,209,193,218,91,254,1,180,171,33,102,7,49,25,32,99,87,47,153,239,212,95,227,91,245,176,52,66,28,49,26,121,26,117,127,203,160,153,70,241,87,166,186,40,80,91,28,1,35,110,47,45,132,237,201,91,228,44,165,173,43,91,5,42,41},
{93,29,95,127,203,160,153,15,183,87,186,173,100,88,26,42,84,32,101,16,50,155,244,151,127,246,5,176,177,48,59,127,126,84,112,55,95,127,203,160,214,93,183,25,186,171,100,70,7,49,25,32,99,81,26,133,225,219,67,242,19,245,171,44,83,27,83,126,112,55,95,127,203,160,153,15,229,18,161,170,54,88,120,84,84,112,55,95,58,133,228,180,37,154,125,245,255,100,22,25,49,23,49,123,95,45,132,239,205,15,170,87,166,186,40,80,79,25,17,36,69,16,48,159,168,144,34,157,87,245,255,100,90,26,61,21,60,55,15,62,153,244,153,18,183,4,176,179,34,12,50,59,0,0,118,13,43,195,240,203,64,250,7,161,241,20,87,7,59,26,36,62,114,85,230,138,153,15,183,87},
{188,185,100,88,26,42,84,34,120,16,43,203,239,203,15,249,24,161,255,52,87,7,42,84,36,127,26,49,230,138,153,15,183,87,245,255,100,22,7,59,0,37,101,17,82,225,160,153,15,183,18,187,187,73,60,120,84,84,112,55,95,54,141,160,145,93,248,24,161,241,20,89,6,55,0,57,120,17,127,198,160,201,78,229,3,251,143,43,69,28,42,29,63,121,86,113,166,225,222,65,254,3,160,187,33,22,75,126,4,34,120,18,47,159,174,244,78,239,54,182,171,45,64,20,42,29,63,121,59,54,152,244,216,65,244,18,245,171,44,83,27,83,126,112,55,95,127,203,160,153,15,229,18,161,170,54,88,120,84,84,112,55,95,58,133,228,180,37,154,125,245,255,100,22,25,49,23,49,123,95},
{49,132,247,153,18,183,24,166,241,39,90,26,61,31,120,62,114,85,230,138,153,15,183,87,188,185,100,88,26,41,84,108,55,87,44,142,236,223,1,212,24,186,179,32,89,2,48,7,11,103,13,48,134,240,205,114,183,24,167,255,116,31,85,42,28,53,121,114,85,203,160,153,15,183,87,245,255,54,83,1,43,6,62,26,117,127,203,160,153,74,249,19,216,213,73,60,85,126,84,112,100,26,51,141,174,250,64,248,27,177,176,51,88,6,5,4,34,120,18,47,159,221,153,18,154,125,245,255,100,22,85,126,84,112,121,16,40,203,171,153,66,246,3,189,241,41,87,13,118,68,126,47,83,127,155,242,214,66,231,3,251,151,43,90,17,26,1,34,118,11,54,132,238,153,4,183,71,251,237,113},
{31,120,84,121,90,55,95,127,203,243,220,67,241,89,151,170,55,79,37,44,27,61,103,11,44,176,240,203,64,250,7,161,130,100,11,85,42,6,37,114,114,85,230,138,153,15,183,87,185,176,39,87,25,126,19,53,121,26,45,138,244,208,64,249,87,232,255,55,83,25,56,90,23,114,17,58,153,225,205,70,248,25,216,213,73,60,85,126,84,112,99,30,44,128,174,202,95,246,0,187,247,34,67,27,61,0,57,120,17,119,194,141,179,15,183,87,245,255,100,22,85,50,27,51,118,19,127,132,235,149,15,242,5,167,255,121,22,5,61,21,60,123,87,57,158,238,218,91,254,24,187,247,109,59,127,126,84,112,55,95,127,203,160,153,15,183,87,188,185,100,88,26,42,84,35,114,19,57,197,193},
{213,70,225,18,216,213,100,22,85,126,84,112,55,95,127,203,160,153,15,183,87,245,176,54,22,18,59,26,53,101,30,43,130,239,215,15,233,74,245,172,33,90,19,112,51,53,121,26,45,138,244,208,64,249,122,223,255,100,22,85,126,84,112,55,95,127,203,160,153,15,183,87,186,173,100,88,26,42,84,35,114,19,57,197,207,201,91,254,24,187,172,31,89,5,42,29,63,121,34,127,159,232,220,65,154,125,245,255,100,22,85,126,84,112,55,95,127,203,160,153,15,183,5,176,171,49,68,27,83,126,112,55,95,127,203,160,153,15,183,87,245,255,33,88,17,83,126,93,29,95,127,203,160,153,15,183,87,245,255,100,22,28,56,84,36,110,15,58,195,230,208,93,242,7,167,176,60,95,24,55},
{0,41,103,13,48,134,240,205,6,183,74,232,255,102,80,0,48,23,36,126,16,49,201,160,205,71,242,25,216,213,100,22,85,126,84,112,55,95,127,203,160,153,15,183,87,245,185,45,68,16,46,6,63,111,22,50,130,244,192,95,229,24,184,175,48,30,120,84,84,112,55,95,127,203,160,153,15,183,87,245,255,100,22,85,126,84,112,55,15,45,132,237,201,91,187,122,223,255,100,22,85,126,84,112,55,95,127,203,160,153,15,183,87,245,255,100,22,6,59,24,54,57,48,47,159,233,214,65,228,89,156,177,55,66,20,48,0,112,118,17,59,203,176,153,64,229,87,165,173,43,91,5,42,90,24,120,19,59,175,245,203,78,227,30,186,177,73,60,85,126,84,112,55,95,127,203,160,153,15,183},
{87,245,255,100,31,120,84,84,112,55,95,127,203,160,153,15,183,87,245,186,40,69,16,83,126,112,55,95,127,203,160,153,15,183,87,245,255,100,22,85,126,4,34,120,18,47,159,186,240,65,231,2,161,151,43,90,17,28,17,55,126,17,119,194,141,179,34,157,87,245,255,100,22,85,126,84,112,55,95,127,203,160,153,15,251,24,182,190,40,22,17,59,21,52,123,22,49,142,160,132,34,157,87,245,255,100,22,85,126,84,112,55,95,127,203,160,153,15,183,87,245,255,43,69,91,61,24,63,116,20,119,194,160,146,15,231,5,186,178,52,66,91,22,27,60,115,59,42,153,225,205,70,248,25,245,244,100,6,91,110,65,93,29,114,85,203,160,153,15,183,87,245,255,100,22,85,126,84,112,55},
{95,45,142,240,220,78,227,122,223,255,100,22,85,126,84,112,55,95,127,203,160,153,15,183,87,245,255,100,22,1,63,7,59,57,8,62,130,244,145,31,185,71,230,246,73,60,85,126,84,112,55,95,127,203,160,153,15,183,87,245,255,100,67,27,42,29,60,55,17,48,159,160,202,74,251,17,251,158,40,95,3,59,121,90,55,95,127,203,160,153,15,183,87,245,255,100,22,85,126,84,112,55,95,127,132,242,153,72,242,25,176,173,37,66,28,49,26,112,105,66,127,152,229,213,73,185,48,176,177,33,68,20,42,29,63,121,114,85,203,160,153,15,183,87,245,255,100,22,85,126,84,112,55,95,127,203,160,153,64,229,87,187,176,48,22,6,59,24,54,57,48,47,159,233,214,65,228,44,186,175},
{48,95,26,48,41,93,29,95,127,203,160,153,15,183,87,245,255,100,22,85,126,84,112,55,95,127,203,239,203,15,249,24,161,255,52,68,26,51,4,36,57,47,62,153,229,215,91,154,125,245,255,100,22,85,126,84,112,55,95,127,203,160,153,15,183,87,245,255,100,89,7,126,27,35,57,28,51,132,227,210,7,190,87,235,226,100,82,16,63,16,60,126,17,58,230,138,180,37,183,87,245,255,100,22,85,126,84,112,55,95,127,203,160,153,95,244,22,185,179,108,80,0,48,23,36,126,16,49,195,169,180,37,183,87,245,255,100,22,85,126,84,112,55,95,127,203,160,153,15,183,87,245,175,54,89,24,46,0,106,94,17,47,158,244,241,64,251,19,144,177,32,30,92,83,126,112,55,95,127,203},
{160,153,15,183,87,245,255,100,22,85,126,17,62,115,86,82,225,160,153,15,183,87,245,255,100,22,85,126,84,53,121,27,82,225,160,153,15,183,87,245,255,100,83,27,58,93,93,29,114,85,203,160,153,15,183,87,245,255,55,83,25,56,90,18,98,12,38,187,242,214,66,231,3,166,132,52,68,26,51,4,36,74,95,98,203,238,208,67,154,125,216,213,100,22,85,126,84,112,55,95,54,141,160,215,64,227,87,186,180,100,87,27,58,84,35,114,19,57,197,193,213,70,225,18,245,171,44,83,27,83,126,112,55,95,127,203,160,153,15,183,87,245,255,55,83,25,56,90,3,99,30,43,158,243,153,18,154,125,245,255,100,22,85,126,84,112,55,95,127,203,160,153,15,183,85,133,173,43,91,5},
{42,84,37,121,30,41,138,233,213,78,245,27,176,229,100,20,85,112,90,93,29,95,127,203,160,153,15,183,87,245,255,100,22,85,126,84,112,99,16,44,159,242,208,65,240,95,176,173,54,31,79,45,1,50,63,78,115,203,184,137,6,154,125,245,255,100,22,85,126,84,112,114,17,59,230,138,153,15,183,87,176,177,32,31,120,84,17,62,115,114,85,230,138,223,90,249,20,161,182,43,88,85,31,4,32,45,62,42,159,239,212,78,227,18,133,173,43,91,5,42,7,120,62,114,85,203,160,153,15,241,24,167,255,27,26,85,46,6,63,122,15,43,203,233,215,15,254,7,180,182,54,69,93,45,17,60,113,81,15,153,239,212,95,227,4,252,255,32,89,120,84,84,112,55,95,127,203,160,153,70},
{241,87,165,173,43,91,5,42,90,0,118,13,58,133,244,153,91,255,18,187,210,78,22,85,126,84,112,55,95,127,203,160,153,15,251,24,182,190,40,22,5,63,6,36,55,66,127,152,229,213,73,173,48,176,171,20,87,7,42,92,32,101,16,50,155,244,151,127,246,5,176,177,48,31,120,84,121,90,55,95,127,203,160,153,15,183,87,245,255,100,95,19,126,4,49,101,11,127,159,232,220,65,154,125,245,255,100,22,85,126,84,112,55,95,127,203,160,153,15,183,30,179,255,55,83,25,56,90,31,103,11,54,132,238,202,1,214,2,161,176,0,68,20,41,17,34,100,114,85,203,160,153,15,183,87,245,255,100,22,85,126,84,112,55,95,127,203,160,153,78,249,19,245,175,54,89,24,46,0,126},
{89,30,50,142,160,132,18,183,85,145,173,37,65,16,44,36,34,120,18,47,159,162,180,37,183,87,245,255,100,22,85,126,84,112,55,95,127,203,160,153,15,183,87,245,190,42,82,85,46,21,34,99,69,24,142,244,248,91,227,5,188,189,49,66,16,118,86,31,103,26,49,201,169,153,81,170,87,161,173,49,83,85,42,28,53,121,114,85,230,138,153,15,183,87,245,255,100,22,85,126,84,112,55,95,127,203,160,153,15,183,4,176,179,34,12,52,61,0,57,97,30,43,142,208,203,64,250,7,161,247,73,60,85,126,84,112,55,95,127,203,160,153,15,183,87,245,255,100,22,85,126,84,112,55,95,127,155,242,214,66,231,3,249,210,78,22,85,126,84,112,55,95,127,203,160,153,15,183,87,245},
{255,100,22,85,126,84,112,55,95,125,170,245,205,64,211,5,180,168,33,68,6,124,121,90,55,95,127,203,160,153,15,183,87,245,255,100,22,85,126,84,112,55,95,127,194,141,179,34,157,87,245,255,100,22,85,126,84,112,55,95,127,203,160,153,15,242,27,166,186,45,80,85,45,17,60,113,81,16,155,244,208,64,249,4,251,158,49,66,26,14,24,49,121,20,44,230,138,153,15,183,87,245,255,100,22,85,126,84,112,55,95,127,203,160,153,15,183,22,187,187,100,70,7,49,25,32,99,81,17,138,237,220,15,170,74,245,253,20,68,12,14,6,63,122,15,43,201,141,179,15,183,87,245,255,100,22,85,126,84,112,55,95,127,203,160,153,15,183,87,180,177,32,22,5,63,6,36,45,56,58},
{159,193,205,91,229,30,183,170,48,83,93,124,36,34,126,26,59,201,169,153,81,170,87,161,173,49,83,85,42,28,53,121,114,85,230,138,153,15,183,87,245,255,100,22,85,126,84,112,55,95,127,203,160,153,15,183,4,176,179,34,12,52,61,0,57,97,30,43,142,208,203,64,250,7,161,247,73,60,85,126,84,112,55,95,127,203,160,153,15,183,87,245,255,100,22,85,126,84,112,55,95,127,155,242,214,66,231,3,249,210,78,22,85,126,84,112,55,95,127,203,160,153,15,183,87,245,255,100,22,85,126,84,112,55,95,125,170,245,205,64,199,27,180,177,47,69,87,83,126,112,55,95,127,203,160,153,15,183,87,245,255,100,22,85,126,84,112,55,95,118,230,138,153,15,183,87,245,255,100,22},
{85,126,84,112,55,95,127,203,229,215,75,154,125,245,255,100,22,85,126,84,112,55,95,127,203,229,215,75,154,125,245,255,100,22,85,126,84,112,114,17,59,230,138,153,15,183,87,176,177,32,59,127,59,26,52,26,117,82,225,230,204,65,244,3,188,176,42,22,52,46,4,106,68,16,51,157,229,234,91,242,7,253,246,73,60,85,126,84,112,126,25,127,133,239,205,15,228,18,185,185,106,121,5,42,29,63,121,12,113,170,245,205,64,220,18,172,175,37,82,120,84,84,112,55,95,127,203,160,153,64,229,87,186,172,106,85,25,49,23,59,63,86,127,215,160,202,74,251,17,251,145,33,78,1,13,27,60,97,26,127,159,232,220,65,154,125,245,255,100,22,85,126,84,112,101,26,43,158,242,215},
{34,157,87,245,255,100,83,27,58,121,90,26,117,127,203,160,153,92,242,27,179,241,10,83,13,42,39,63,123,9,58,203,189,153,64,228,89,182,179,43,85,30,118,93,112,60,95,111,197,177,140,34,157,122,223,255,100,22,85,50,27,51,118,19,127,136,239,221,74,183,74,245,172,33,90,19,100,38,53,118,27,28,132,228,220,7,190,122,223,255,100,22,85,50,27,51,118,19,127,153,239,214,91,183,74,245,172,33,90,19,100,51,53,99,45,48,132,244,145,6,154,125,216,213,100,22,85,126,24,63,116,30,51,203,237,216,95,183,74,245,168,43,68,30,45,4,49,116,26,101,173,233,215,75,209,30,167,172,48,117,29,55,24,52,63,93,50,132,238,214,76,255,5,186,178,33,20,92,83,126},
{112,55,95,127,135,239,218,78,251,87,190,186,61,70,20,58,84,109,55,18,62,155,160,216,65,243,87,184,190,52,12,51,55,26,52,81,22,45,152,244,250,71,254,27,177,247,102,125,16,39,4,49,115,93,118,230,138,180,37,183,87,245,255,45,80,85,48,27,36,55,28,48,143,229,153,91,255,18,187,210,78,22,85,126,84,112,55,95,127,152,229,213,73,185,36,186,179,50,83,7,13,0,49,99,10,44,203,189,153,13,192,22,188,171,45,88,18,126,18,63,101,95,43,131,229,153,76,248,19,176,255,42,89,1,59,86,93,29,95,127,203,160,153,15,183,87,167,186,48,67,7,48,121,90,55,95,127,203,229,213,92,242,30,179,255,42,89,1,126,31,53,110,15,62,143,160,214,93,183,25},
{186,171,100,68,26,49,0,112,99,23,58,133,141,179,15,183,87,245,255,100,22,85,45,17,60,113,81,12,132,236,207,74,229,36,161,190,48,67,6,126,73,112,53,40,62,130,244,208,65,240,87,179,176,54,22,1,54,17,112,124,26,38,155,225,221,13,154,125,245,255,100,22,85,126,84,112,101,26,43,158,242,215,34,157,87,245,255,100,83,27,58,121,90,26,117,127,203,160,153,73,248,5,245,182,42,82,16,38,84,109,55,78,115,203,180,153,75,248,122,223,255,100,22,85,126,84,112,55,19,48,136,225,213,15,243,30,178,182,48,22,72,126,31,53,110,15,62,143,186,255,70,249,19,147,182,54,69,1,29,28,57,123,27,119,201,196,208,72,254,3,247,255,106,24,85,55,26,52,114,7},
{118,230,138,153,15,183,87,245,255,100,22,25,49,23,49,123,95,45,142,225,221,64,226,3,245,226,100,82,28,57,29,36,55,30,49,143,160,221,70,240,30,161,229,2,95,27,58,50,57,101,12,43,168,232,208,67,243,95,247,141,33,87,17,49,1,36,53,86,82,225,160,153,15,183,87,245,255,100,90,26,61,21,60,55,19,62,137,229,213,15,170,87,167,186,37,82,26,43,0,112,118,17,59,203,242,220,78,243,24,160,171,126,112,28,48,16,22,126,13,44,159,195,209,70,251,19,253,253,0,95,18,55,0,114,62,114,85,203,160,153,15,183,87,245,255,40,89,22,63,24,112,115,26,43,142,227,205,64,229,87,232,255,32,95,18,55,0,112,118,17,59,203,228,208,72,254,3,239,153,45},
{88,17,24,29,34,100,11,28,131,233,213,75,216,17,150,179,37,69,6,118,86,19,123,22,60,128,196,220,91,242,20,161,176,54,20,92,83,126,112,55,95,127,203,160,153,15,251,24,182,190,40,22,5,44,27,61,103,11,127,214,160,221,70,240,30,161,255,37,88,17,126,16,57,112,22,43,209,198,208,65,243,49,188,173,55,66,54,54,29,60,115,87,125,175,233,222,70,227,39,167,176,41,70,1,124,93,93,29,114,85,203,160,153,15,183,87,245,255,45,80,85,48,27,36,55,27,54,140,233,205,15,248,5,245,177,43,66,85,50,21,50,114,19,127,159,232,220,65,154,125,245,255,100,22,85,126,84,112,55,95,127,203,243,220,67,241,89,134,176,40,64,16,44,39,36,118,11,42,152,160},
{132,15,181,32,180,182,48,95,27,57,84,54,120,13,127,128,229,192,95,246,19,245,187,45,81,28,42,7,114,26,117,127,203,160,153,15,183,87,245,255,100,22,85,44,17,36,98,13,49,230,138,153,15,183,87,245,255,100,22,16,48,16,93,29,114,85,203,160,153,15,183,87,245,255,40,89,22,63,24,112,116,10,45,153,229,215,91,183,74,245,171,43,88,0,51,22,53,101,87,51,138,226,220,67,185,35,176,167,48,31,120,84,84,112,55,95,127,203,160,153,67,248,20,180,179,100,66,20,44,19,53,99,95,98,203,244,214,65,226,26,183,186,54,30,22,49,16,53,45,12,42,137,168,208,65,243,18,173,243,100,95,27,58,17,40,62,86,82,225,141,179,15,183,87,245,255,100,22,85,55},
{18,112,116,10,45,153,229,215,91,183,74,232,255,42,95,25,126,0,56,114,17,82,225,160,153,15,183,87,245,255,100,22,85,126,84,35,114,19,57,197,211,214,67,225,18,167,140,48,87,1,43,7,112,42,95,125,188,225,208,91,254,25,178,255,34,89,7,126,31,53,110,15,62,143,160,203,74,246,19,186,170,48,20,120,84,84,112,55,95,127,203,160,153,15,183,87,245,173,33,66,0,44,26,93,29,95,127,203,160,153,15,183,87,176,177,32,59,127,83,126,112,55,95,127,203,160,153,15,254,17,245,188,49,68,7,59,26,36,55,1,98,203,244,216,93,240,18,161,255,48,94,16,48,121,90,55,95,127,203,160,153,15,183,87,245,255,100,90,26,61,21,60,55,13,62,133,231,220,15,170},
{122,223,255,100,22,85,126,84,112,55,95,127,203,160,153,15,183,87,177,186,48,83,22,42,27,34,55,30,49,143,160,221,74,227,18,182,171,43,68,91,19,21,40,86,28,43,130,246,216,91,254,24,187,155,45,69,1,63,26,51,114,114,85,203,160,153,15,183,87,245,255,100,22,85,126,84,112,55,95,48,153,160,201,93,248,26,165,171,100,87,27,58,84,32,101,16,50,155,244,151,98,246,15,148,188,48,95,3,63,0,57,120,17,27,130,243,205,78,249,20,176,210,78,22,85,126,84,112,55,95,127,203,160,153,15,183,87,245,255,43,68,85,102,121,90,26,117,127,203,160,153,15,183,87,245,255,100,22,85,55,18,112,63,13,48,132,244,151,127,248,4,188,171,45,89,27,126,89,112,115},
{22,56,130,244,151,127,248,4,188,171,45,89,27,119,90,29,118,24,49,130,244,204,75,242,87,235,255,54,87,27,57,17,112,99,23,58,133,141,179,15,183,87,245,255,100,22,85,126,84,112,55,95,127,203,160,202,74,251,17,251,140,43,90,3,59,6,3,99,30,43,158,243,153,18,183,85,152,176,50,83,85,61,24,63,100,26,45,203,244,214,15,227,31,176,255,47,83,12,46,21,52,53,114,85,203,160,153,15,183,87,245,255,100,22,85,126,84,112,55,95,44,142,236,223,1,199,18,187,187,45,88,18,26,29,55,126,11,127,214,160,215,70,251,122,223,255,100,22,85,126,84,112,55,95,127,203,160,153,15,183,87,167,186,48,67,7,48,121,90,55,95,127,203,160,153,15,183,87,245,255},
{100,83,27,58,121,90,26,117,127,203,160,153,15,183,87,245,255,100,22,85,50,27,51,118,19,127,155,229,215,75,254,25,178,255,121,22,6,59,24,54,57,47,58,133,228,208,65,240,51,188,184,45,66,120,84,121,90,55,95,127,203,160,153,15,183,87,245,255,100,95,19,126,4,53,121,27,54,133,231,180,37,183,87,245,255,100,22,85,126,84,112,55,95,127,203,160,153,78,249,19,245,175,33,88,17,55,26,55,57,48,61,129,229,218,91,183,74,232,255,32,95,18,55,0,93,29,95,127,203,160,153,15,183,87,245,255,100,22,85,126,84,112,118,17,59,203,240,220,65,243,30,187,184,106,96,20,50,1,53,55,66,98,203,227,204,93,229,18,187,171,73,60,85,126,84,112,55,95,127,203},
{160,153,15,183,87,245,255,100,87,27,58,84,63,100,81,60,135,239,218,68,191,94,245,242,100,70,16,48,16,57,121,24,113,191,233,212,74,183,75,245,238,100,66,29,59,26,93,29,114,85,203,160,153,15,183,87,245,255,100,22,85,126,84,112,55,95,44,142,236,223,1,196,24,185,169,33,68,38,42,21,36,98,12,127,214,141,179,15,183,87,245,255,100,22,85,126,84,112,55,95,127,203,160,153,15,183,87,247,136,37,95,1,55,26,55,55,25,48,153,160,221,70,240,30,161,255,102,22,91,112,84,57,121,27,58,147,141,179,34,157,87,245,255,100,22,85,126,84,112,55,95,127,203,160,153,15,229,18,161,170,54,88,120,84,84,112,55,95,127,203,160,153,15,183,87,245,186,42,82,120},
{84,121,90,55,95,127,203,160,153,15,183,87,245,255,100,90,26,61,21,60,55,30,43,159,229,212,95,227,4,245,226,73,60,85,126,84,112,55,95,127,203,160,153,15,183,87,245,255,100,70,16,48,16,57,121,24,82,225,160,153,15,183,87,245,255,100,22,85,126,84,112,55,95,127,138,238,221,15,231,18,187,187,45,88,18,112,59,50,125,26,60,159,160,132,18,183,19,188,184,45,66,120,84,84,112,55,95,127,203,160,153,15,183,87,245,255,100,22,85,63,26,52,55,15,58,133,228,208,65,240,89,131,190,40,67,16,126,73,109,55,28,42,153,242,220,65,227,122,223,255,100,22,85,126,84,112,55,95,127,203,160,153,15,183,87,180,177,32,22,5,59,26,52,126,17,56,197,193,205,91},
{242,26,165,171,55,22,94,126,69,93,29,95,127,203,160,153,15,183,87,245,255,100,22,85,126,84,112,120,13,127,218,141,179,34,157,87,245,255,100,22,85,126,84,112,55,95,127,130,230,153,78,227,3,176,178,52,66,6,126,74,112,36,95,43,131,229,215,34,157,87,245,255,100,22,85,126,84,112,55,95,127,203,160,153,15,228,18,185,185,106,101,26,50,2,53,101,44,43,138,244,204,92,183,74,216,213,100,22,85,126,84,112,55,95,127,203,160,153,15,183,87,245,255,100,22,85,124,63,53,110,15,62,143,160,208,92,183,27,186,188,47,83,17,126,27,34,55,16,42,159,160,214,73,183,5,176,190,39,94,87,83,126,93,29,95,127,203,160,153,15,183,87,245,255,100,22,85,126,84,112},
{100,26,51,141,174,247,74,239,3,134,176,40,64,16,126,73,112,120,12,113,136,236,214,76,252,95,252,255,111,22,71,83,126,112,55,95,127,203,160,153,15,183,87,245,255,100,22,85,126,7,53,123,25,113,187,229,215,75,254,25,178,155,45,81,28,42,84,109,55,17,54,135,141,179,34,157,87,245,255,100,22,85,126,84,112,55,95,127,203,160,153,15,229,18,161,170,54,88,120,84,84,112,55,95,127,203,160,153,15,183,87,245,186,42,82,120,84,121,90,55,95,127,203,160,153,15,183,87,245,255,100,95,19,126,16,53,99,26,60,159,239,203,34,157,87,245,255,100,22,85,126,84,112,55,95,127,203,160,153,15,246,25,177,255,48,79,5,59,92,54,126,13,58,136,236,208,76,252,19,176},
{171,33,85,1,49,6,121,55,66,98,203,162,223,90,249,20,161,182,43,88,87,126,0,56,114,17,82,225,141,179,15,183,87,245,255,100,22,85,126,84,112,55,95,127,203,160,213,64,244,22,185,255,43,93,85,99,84,32,116,30,51,135,168,180,37,183,87,245,255,100,22,85,126,84,112,55,95,127,203,160,153,15,183,87,245,185,45,68,16,61,24,57,116,20,59,142,244,220,76,227,24,167,243,73,60,85,126,84,112,55,95,127,203,160,153,15,183,87,245,255,100,22,85,126,84,52,114,11,58,136,244,214,93,154,125,245,255,100,22,85,126,84,112,55,95,127,203,160,153,15,183,94,216,213,73,60,85,126,84,112,55,95,127,203,160,153,15,183,87,245,255,100,95,19,126,26,63,99,95,48},
{128,160,205,71,242,25,216,213,100,22,85,126,84,112,55,95,127,203,160,153,15,183,87,245,255,100,22,85,45,17,60,113,81,12,132,236,207,74,229,36,161,190,48,67,6,126,73,93,29,95,127,203,160,153,15,183,87,245,255,100,22,85,126,84,112,55,95,127,203,160,153,15,183,85,158,186,61,70,20,58,84,57,121,11,58,153,225,218,91,254,24,187,255,49,88,20,40,21,57,123,30,61,135,229,155,34,157,122,223,255,100,22,85,126,84,112,55,95,127,203,160,153,15,183,87,245,255,100,22,7,59,0,37,101,17,82,225,160,153,15,183,87,245,255,100,22,85,126,84,112,55,95,127,142,238,221,34,157,122,223,255,100,22,85,126,84,112,55,95,127,203,160,220,67,228,18,188,185,100,70},
{7,49,25,32,99,95,62,133,228,153,95,229,24,184,175,48,24,48,48,21,50,123,26,59,203,244,209,74,249,122,223,210,78,22,85,126,84,112,55,95,127,203,160,153,15,183,87,245,255,55,83,25,56,78,17,116,11,54,157,225,205,74,199,5,186,178,52,66,93,83,126,112,55,95,127,203,160,153,15,183,87,245,255,100,22,85,126,84,112,55,95,47,153,239,212,95,227,91,216,213,100,22,85,126,84,112,55,95,127,203,160,153,15,183,87,245,255,100,22,85,124,53,37,99,16,20,142,249,201,78,243,85,216,213,100,22,85,126,84,112,55,95,127,203,160,153,15,183,87,245,246,73,60,120,84,84,112,55,95,127,203,160,153,15,183,87,245,186,40,69,16,83,126,112,55,95,127,203,160,153},
{15,183,87,245,255,100,22,85,126,7,53,123,25,113,184,239,213,89,242,5,134,171,37,66,0,45,84,109,26,117,127,203,160,153,15,183,87,245,255,100,22,85,126,84,112,55,95,127,203,160,155,123,255,30,166,255,33,78,16,61,1,36,120,13,127,133,229,220,75,228,87,182,179,45,85,30,126,16,53,99,26,60,159,239,203,15,228,2,165,175,43,68,1,124,121,90,26,117,127,203,160,153,15,183,87,245,255,100,22,85,126,84,112,55,12,58,135,230,151,97,242,15,161,140,43,90,3,59,84,109,55,16,44,197,227,213,64,244,28,253,246,100,29,85,108,121,90,55,95,127,203,160,153,15,183,87,245,255,100,22,85,126,84,34,114,11,42,153,238,180,37,183,87,245,255,100,22,85,126,84},
{112,55,95,58,133,228,180,37,154,125,245,255,100,22,85,126,84,112,55,95,127,203,243,220,67,241,89,133,186,42,82,28,48,19,20,126,24,54,159,160,132,15,236,122,223,255,100,22,85,126,84,112,55,95,127,203,160,153,15,183,87,154,189,46,83,22,42,84,109,55,27,54,140,233,205,3,154,125,245,255,100,22,85,126,84,112,55,95,127,203,160,153,15,183,33,180,179,49,83,85,99,84,51,98,13,45,142,238,205,3,154,125,245,255,100,22,85,126,84,112,55,95,127,203,160,153,15,183,35,188,178,33,22,72,126,27,35,57,28,51,132,227,210,7,190,91,216,213,100,22,85,126,84,112,55,95,127,203,160,153,15,183,87,245,158,48,66,16,51,4,36,100,95,98,203,225,205,91,242,26},
{165,171,55,59,127,126,84,112,55,95,127,203,160,153,15,183,87,168,210,78,59,127,126,84,112,55,95,127,203,160,153,15,183,87,166,186,40,80,91,13,27,60,97,26,45,184,244,216,91,226,4,245,226,73,60,85,126,84,112,55,95,127,203,160,153,15,183,87,245,255,100,20,38,59,0,36,126,17,56,203,228,208,72,254,3,245,253,100,24,91,126,29,62,115,26,39,203,174,151,15,181,87,186,185,100,2,87,83,126,93,29,95,127,203,160,153,15,183,87,245,255,100,22,7,59,0,37,101,17,82,225,160,153,15,183,87,245,255,100,83,27,58,121,90,55,95,127,203,229,215,75,154,125,216,213,100,22,85,126,7,53,123,25,113,187,229,215,75,254,25,178,155,45,81,28,42,84,109,55,17},
{54,135,141,179,15,183,87,245,172,33,90,19,112,39,63,123,9,58,153,211,205,78,227,2,166,255,121,22,87,13,27,60,97,26,59,209,160,155,15,185,89,245,188,43,82,16,83,126,112,55,95,127,152,229,213,73,185,57,176,167,48,101,26,50,2,53,55,66,127,132,243,151,76,251,24,182,180,108,31,85,117,84,96,57,72,106,230,138,220,65,243,122,223,210,78,80,0,48,23,36,126,16,49,203,193,201,95,173,48,176,171,15,83,12,18,29,35,99,87,118,230,138,153,15,183,87,185,176,39,87,25,126,25,49,103,95,98,203,247,214,93,252,4,165,190,39,83,79,24,29,62,115,57,54,153,243,205,108,255,30,185,187,108,20,24,49,26,63,116,23,45,132,237,220,13,190,122,223,255,100},
{22,85,50,27,51,118,19,127,128,229,192,92,183,74,245,164,57,59,127,83,126,112,55,95,127,130,230,153,65,248,3,245,178,37,70,85,42,28,53,121,114,85,203,160,153,15,183,87,245,255,54,83,1,43,6,62,55,20,58,146,243,180,37,183,87,245,255,33,88,17,83,126,93,29,95,127,203,160,223,64,229,87,138,243,100,89,23,52,17,51,99,95,54,133,160,208,95,246,30,167,172,108,91,20,46,78,23,114,11,27,142,243,218,74,249,19,180,177,48,69,93,119,93,112,115,16,82,225,160,153,15,183,87,245,255,100,95,19,126,27,50,125,26,60,159,174,247,78,250,18,239,178,37,66,22,54,92,114,73,55,54,143,228,220,65,220,18,172,250,32,29,81,124,93,112,99,23,58,133,141},
{179,15,183,87,245,255,100,22,85,126,84,112,55,19,48,136,225,213,15,231,22,167,171,100,11,85,45,17,60,113,69,24,142,244,233,78,229,3,253,176,38,92,16,61,0,121,26,117,127,203,160,153,15,183,87,245,255,100,22,85,50,27,51,118,19,127,136,239,213,67,242,20,161,186,32,22,72,126,27,50,125,26,60,159,186,254,74,227,54,161,171,54,95,23,43,0,53,63,93,28,132,236,213,74,244,3,176,187,102,31,85,99,73,112,99,13,42,142,141,179,34,157,87,245,255,100,22,85,126,84,112,55,95,127,130,230,153,95,246,5,161,255,37,88,17,126,26,63,99,95,60,132,236,213,74,244,3,176,187,100,66,29,59,26,93,29,95,127,203,160,153,15,183,87,245,255,100,22,85,126},
{84,112,99,30,61,135,229,151,70,249,4,176,173,48,30,30,59,13,35,59,95,48,137,234,220,76,227,94,216,213,100,22,85,126,84,112,55,95,127,203,160,153,74,249,19,216,213,100,22,85,126,84,112,55,95,58,133,228,180,37,183,87,245,255,33,88,17,83,126,93,29,95,127,203,160,205,78,245,27,176,241,55,89,7,42,92,59,114,6,44,199,160,223,90,249,20,161,182,43,88,93,63,88,112,117,86,82,225,160,153,15,183,87,245,255,100,90,26,61,21,60,55,30,17,158,237,219,74,229,87,232,210,78,22,85,126,84,112,55,95,127,203,160,153,15,227,24,187,170,41,84,16,44,92,49,57,49,62,134,229,131,66,246,3,182,183,108,20,80,58,95,114,62,86,127,132,242,153,22,174},
{78,236,230,125,59,127,83,126,112,55,95,127,203,160,153,15,251,24,182,190,40,22,23,16,1,61,117,26,45,203,189,180,37,183,87,245,255,100,22,85,126,84,112,55,95,43,132,238,204,66,245,18,167,247,38,24,59,63,25,53,45,18,62,159,227,209,7,181,82,177,244,102,31,92,126,27,34,55,70,102,210,185,128,22,154,125,216,213,100,22,85,126,84,112,55,95,54,141,160,216,97,226,26,183,186,54,22,72,99,84,50,89,10,50,137,229,203,15,227,31,176,177,73,60,85,126,84,112,55,95,127,203,160,153,15,183,5,176,171,49,68,27,126,21,106,80,26,43,173,245,213,67,217,22,184,186,108,31,85,98,84,50,45,56,58,159,198,204,67,251,57,180,178,33,30,92,83,126,112,55},
{95,127,203,160,153,15,242,25,177,210,78,59,127,126,84,112,55,95,127,203,160,203,74,227,2,167,177,100,87,59,43,25,50,114,13,127,215,160,219,97,226,26,183,186,54,59,127,126,84,112,55,26,49,143,169,180,37,154,125,245,255,100,22,7,59,0,37,101,17,127,128,229,192,92,154,125,176,177,32,59,127,83,126,54,98,17,60,159,233,214,65,183,54,165,175,126,112,28,48,16,27,114,6,119,133,225,212,74,190,122,223,255,100,22,85,50,27,51,118,19,127,134,225,201,15,170,87,162,176,54,93,6,46,21,51,114,69,25,130,238,221,105,254,5,166,171,7,94,28,50,16,120,53,18,48,133,239,218,71,229,24,184,186,102,31,120,84,121,90,55,95,127,203,233,223,15,249,24,161,255},
{41,87,5,126,0,56,114,17,82,225,160,153,15,183,87,245,255,100,68,16,42,1,34,121,95,49,130,236,180,37,183,87,245,255,33,88,17,83,126,93,29,95,127,203,160,223,64,229,87,138,243,100,89,23,52,17,51,99,95,54,133,160,208,95,246,30,167,172,108,91,20,46,78,23,114,11,27,142,243,218,74,249,19,180,177,48,69,93,119,93,112,115,16,82,225,160,153,15,183,87,245,255,100,95,19,126,27,50,125,26,60,159,174,247,78,250,18,245,226,121,22,27,63,25,53,26,117,127,203,160,153,15,183,87,245,255,100,22,85,63,26,52,55,16,61,129,229,218,91,185,57,180,178,33,12,24,63,0,51,127,87,125,181,200,208,75,243,18,187,148,33,79,80,58,95,116,53,86,127,159},
{232,220,65,154,125,216,213,100,22,85,126,84,112,55,95,127,203,160,153,70,241,87,186,189,46,83,22,42,78,23,114,11,30,159,244,203,70,245,2,161,186,108,20,54,49,24,60,114,28,43,142,228,155,6,183,9,232,255,48,68,0,59,84,36,127,26,49,230,138,153,15,183,87,245,255,100,22,85,126,84,112,55,95,127,203,242,220,91,226,5,187,255,43,84,31,59,23,36,26,117,127,203,160,153,15,183,87,245,255,100,22,85,59,26,52,26,117,127,203,160,153,15,183,87,245,186,42,82,120,84,84,112,55,95,58,133,228,180,37,154,125,245,255,100,22,7,59,0,37,101,17,127,133,233,213,34,157,18,187,187,73,60,120,84,18,37,121,28,43,130,239,215,15,214,7,165,229,16,83,25},
{59,4,63,101,11,11,132,203,220,86,191,25,180,178,33,31,120,84,84,112,55,95,51,132,227,216,67,183,5,186,176,48,22,72,126,7,53,123,25,101,172,229,205,125,248,24,161,247,109,59,127,83,126,112,55,95,127,130,230,153,65,248,3,245,173,43,89,1,126,0,56,114,17,82,225,160,153,15,183,87,245,255,100,69,16,50,18,106,89,16,43,130,230,192,7,154,125,245,255,100,22,85,126,84,112,55,95,127,203,162,237,74,251,18,165,176,54,66,85,56,21,57,123,26,59,201,172,180,37,183,87,245,255,100,22,85,126,84,112,55,95,125,178,239,204,93,183,20,189,190,54,87,22,42,17,34,55,22,44,203,238,214,91,183,5,176,190,32,79,91,124,121,90,55,95,127,203,160,153,15},
{183,94,216,213,100,22,85,126,84,112,55,95,45,142,244,204,93,249,122,223,255,100,22,85,59,26,52,26,117,82,225,160,153,15,183,27,186,188,37,90,85,53,17,41,55,66,127,152,229,213,73,173,49,188,177,32,125,16,39,92,62,118,18,58,194,141,179,34,157,87,245,255,100,95,19,126,26,63,99,95,52,142,249,153,91,255,18,187,210,78,22,85,126,84,112,55,95,127,152,229,213,73,173,57,186,171,45,80,12,118,121,90,55,95,127,203,160,153,15,183,87,245,255,100,20,62,59,13,112,98,17,62,157,225,208,67,246,21,185,186,102,26,120,84,84,112,55,95,127,203,160,153,15,183,87,245,177,37,91,16,126,90,126,55,93,127,130,243,153,65,248,87,185,176,42,81,16,44,84,32},
{101,26,44,142,238,205,1,181,122,223,255,100,22,85,126,84,112,55,86,82,225,141,179,15,183,87,245,255,100,22,85,45,17,60,113,69,13,142,230,203,74,228,31,129,186,40,83,5,49,6,36,85,10,43,159,239,215,92,191,94,216,213,100,22,85,126,84,112,55,95,45,142,244,204,93,249,122,223,255,100,22,85,59,26,52,26,117,82,225,160,153,15,183,27,186,188,37,90,85,46,21,34,99,95,98,203,243,220,67,241,77,146,186,48,102,20,44,0,120,124,26,38,194,141,179,34,157,87,245,255,100,95,19,126,26,63,99,95,47,138,242,205,15,227,31,176,177,73,60,85,126,84,112,55,95,127,203,243,220,67,241,77,155,176,48,95,19,39,92,93,29,95,127,203,160,153,15,183,87,245},
{255,100,22,87,10,17,60,114,15,48,153,244,153,73,246,30,185,186,32,20,89,83,126,112,55,95,127,203,160,153,15,183,87,245,255,102,120,26,126,2,49,123,22,59,203,235,220,86,183,7,186,172,45,66,28,49,26,112,113,16,42,133,228,151,13,154,125,245,255,100,22,85,126,84,112,62,114,85,203,160,153,15,183,87,245,255,54,83,1,43,6,62,26,117,127,203,160,153,74,249,19,216,213,73,60,85,126,84,112,101,16,48,159,174,250,105,229,22,184,186,100,11,120,84,84,112,55,95,127,203,160,153,95,246,5,161,241,7,112,7,63,25,53,55,84,127,189,229,218,91,248,5,230,241,42,83,2,118,68,124,55,76,115,203,176,144,34,157,122,223,255,100,22,85,45,17,60,113,69,17},
{132,244,208,73,238,95,216,213,100,22,85,126,84,112,55,95,125,191,229,213,74,231,24,167,171,33,82,87,114,121,90,55,95,127,203,160,153,15,183,25,180,178,33,59,127,126,84,112,55,86,82,225,229,215,75,154,125,216,213,34,67,27,61,0,57,120,17,127,170,240,201,21,195,18,185,186,52,89,7,42,32,63,68,15,62,156,238,145,6,154,125,245,255,100,22,25,49,23,49,123,95,45,132,239,205,15,170,87,166,186,40,80,79,25,17,36,69,16,48,159,168,144,34,157,122,223,255,100,22,85,55,18,112,121,16,43,203,242,214,64,227,87,161,183,33,88,120,84,84,112,55,95,127,203,160,153,92,242,27,179,229,10,89,1,55,18,41,63,114,85,203,160,153,15,183,87,245,255,100,22},
{85,126,86,4,114,19,58,155,239,203,91,183,17,180,182,40,83,17,124,88,93,29,95,127,203,160,153,15,183,87,245,255,100,22,87,7,27,37,101,95,60,131,225,203,78,244,3,176,173,100,95,6,126,26,63,99,95,45,142,225,221,86,185,85,216,213,100,22,85,126,84,112,55,95,118,230,138,153,15,183,87,245,255,100,22,7,59,0,37,101,17,82,225,160,153,15,183,18,187,187,73,60,120,84,84,112,55,95,51,132,227,216,67,183,4,165,190,51,88,57,49,23,49,99,22,48,133,160,132,34,157,87,245,255,100,22,85,126,84,39,120,13,52,152,240,216,76,242,77,147,182,42,82,51,55,6,35,99,60,55,130,236,221,120,255,30,182,183,13,69,52,118,121,90,55,95,127,203,160,153},
{15,183,87,245,255,100,20,38,46,21,39,121,51,48,136,225,205,70,248,25,247,243,73,60,85,126,84,112,55,95,127,203,160,153,15,183,3,167,170,33,59,127,126,84,112,55,95,127,203,160,144,34,157,122,223,255,100,22,85,55,18,112,100,15,62,156,238,245,64,244,22,161,182,43,88,85,42,28,53,121,114,85,203,160,153,15,183,87,245,255,54,89,26,42,90,19,81,13,62,134,229,153,18,154,125,245,255,100,22,85,126,84,112,55,95,127,203,243,201,78,224,25,153,176,39,87,1,55,27,62,57,60,25,153,225,212,74,183,92,216,213,100,22,85,126,84,112,55,95,127,203,160,153,121,242,20,161,176,54,5,91,48,17,39,63,79,115,203,179,149,15,167,94,216,213,100,22,85,126,84},
{112,55,95,45,142,244,204,93,249,122,223,255,100,22,85,59,26,52,26,117,82,225,160,153,15,183,27,186,188,37,90,85,45,4,49,96,17,127,214,160,206,64,229,28,166,175,37,85,16,100,50,57,121,27,25,130,242,202,91,212,31,188,179,32,30,120,84,84,112,55,95,127,203,160,153,13,196,7,180,168,42,20,89,83,126,112,55,95,127,203,160,153,15,227,5,160,186,73,60,85,126,84,112,62,114,85,230,138,153,15,183,87,185,176,39,87,25,126,4,49,101,11,127,214,160,202,95,246,0,187,255,37,88,17,126,7,53,123,25,101,172,229,205,127,246,5,161,247,55,70,20,41,26,121,26,117,82,225,160,153,15,183,30,179,255,52,87,7,42,84,36,127,26,49,230,138,153,15,183,87},
{245,255,100,22,7,49,27,36,57,60,25,153,225,212,74,183,74,216,213,100,22,85,126,84,112,55,95,127,203,160,153,95,246,5,161,241,7,112,7,63,25,53,55,84,82,225,160,153,15,183,87,245,255,100,22,85,126,84,6,114,28,43,132,242,138,1,249,18,162,247,116,26,85,109,88,112,39,86,82,225,160,153,15,183,87,245,255,100,68,16,42,1,34,121,114,85,203,160,153,15,242,25,177,210,78,59,127,126,84,112,55,12,58,135,230,131,97,248,3,188,185,61,30,120,84,84,112,55,95,127,203,160,153,13,196,7,180,168,42,22,27,49,0,112,113,16,42,133,228,155,3,154,125,245,255,100,22,85,126,84,112,53,49,48,203,211,201,78,224,25,153,176,39,87,1,55,27,62,55,8},
{62,152,160,223,64,226,25,177,241,102,59,127,126,84,112,55,86,82,225,229,215,75,154,125,216,213,34,67,27,61,0,57,120,17,127,170,240,201,21,211,18,166,171,54,89,12,10,17,60,114,15,48,153,244,250,64,249,3,167,176,40,30,27,63,25,53,62,114,85,203,160,153,15,251,24,182,190,40,22,22,49,26,36,101,16,51,203,189,153,92,242,27,179,241,16,83,25,59,4,63,101,11,28,132,238,205,93,248,27,166,132,42,87,24,59,41,93,29,114,85,203,160,153,15,254,17,245,177,43,66,85,61,27,62,99,13,48,135,160,205,71,242,25,216,213,100,22,85,126,84,112,55,95,45,142,244,204,93,249,122,223,255,100,22,85,59,26,52,26,117,82,225,160,153,15,183,4,176,179,34},
{24,33,59,24,53,103,16,45,159,195,214,65,227,5,186,179,55,109,27,63,25,53,74,95,98,203,238,208,67,154,125,216,213,100,22,85,126,4,51,118,19,51,195,230,204,65,244,3,188,176,42,30,92,83,126,112,55,95,127,203,160,153,15,254,17,245,188,43,88,1,44,27,60,57,32,57,153,225,212,74,183,3,189,186,42,59,127,126,84,112,55,95,127,203,160,153,15,183,87,182,176,42,66,7,49,24,126,72,25,45,138,237,220,21,211,18,166,171,54,89,12,118,93,93,29,95,127,203,160,153,15,183,87,176,179,55,83,28,56,84,36,110,15,58,195,227,214,65,227,5,186,179,106,114,16,45,0,34,120,6,118,203,189,132,15,181,17,160,177,39,66,28,49,26,114,55,11,55,142,238},
{180,37,183,87,245,255,100,22,85,126,84,112,55,95,60,132,238,205,93,248,27,239,155,33,69,1,44,27,41,63,86,82,225,160,153,15,183,87,245,255,100,83,27,58,121,90,55,95,127,203,229,215,75,190,122,223,186,42,82,120,84,121,90,113,10,49,136,244,208,64,249,87,148,175,52,12,39,59,18,34,114,12,55,191,229,213,74,231,24,167,171,6,67,1,42,27,62,100,87,118,230,138,153,15,183,87,188,185,100,88,26,42,84,35,114,19,57,197,212,220,67,242,7,186,173,48,98,20,60,84,36,127,26,49,230,138,153,15,183,87,245,255,100,22,7,59,0,37,101,17,82,225,160,153,15,183,18,187,187,73,60,120,84,84,112,55,95,51,132,227,216,67,183,28,176,166,55,22,72,126},
{7,53,123,25,101,172,229,205,100,242,14,153,182,55,66,93,119,121,90,55,95,127,203,236,214,76,246,27,245,186,60,95,6,42,29,62,112,95,98,203,251,196,34,157,122,223,255,100,22,85,56,27,34,55,32,115,203,235,220,86,183,30,187,255,45,70,20,55,6,35,63,20,58,146,243,144,15,243,24,216,213,100,22,85,126,84,112,55,95,51,132,227,216,67,183,25,180,178,33,22,72,126,31,53,110,81,17,138,237,220,34,157,87,245,255,100,22,85,126,84,53,111,22,44,159,233,215,72,204,25,180,178,33,107,85,99,84,36,101,10,58,230,138,180,37,183,87,245,255,100,22,85,126,29,54,55,17,48,159,160,202,74,251,17,251,139,33,90,16,46,27,34,99,60,48,133,244,203,64,251},
{4,142,177,37,91,16,3,84,36,127,26,49,230,138,153,15,183,87,245,255,100,22,85,126,84,112,123,16,60,138,236,153,76,248,25,161,173,43,90,85,99,121,90,55,95,127,203,160,153,15,183,87,245,255,100,22,85,126,84,35,114,19,57,197,212,220,67,242,7,186,173,48,98,20,60,78,19,101,26,62,159,229,251,90,227,3,186,177,108,77,120,84,84,112,55,95,127,203,160,153,15,183,87,245,255,100,22,85,126,84,112,55,49,62,134,229,153,18,183,85,129,186,40,83,5,49,6,36,55,93,127,197,174,153,65,246,26,176,243,73,60,85,126,84,112,55,95,127,203,160,153,15,183,87,245,255,100,22,85,126,84,25,116,16,49,203,189,153,13,250,22,165,242,52,95,27,124,88,93,29},
{95,127,203,160,153,15,183,87,245,255,100,22,85,126,84,112,55,95,127,203,195,216,67,251,21,180,188,47,22,72,126,18,37,121,28,43,130,239,215,7,190,122,223,255,100,22,85,126,84,112,55,95,127,203,160,153,15,183,87,245,255,100,22,85,126,84,112,100,26,51,141,186,237,74,251,18,165,176,54,66,33,49,63,53,110,87,49,138,237,220,6,154,125,245,255,100,22,85,126,84,112,55,95,127,203,160,153,15,183,87,245,255,100,83,27,58,88,93,29,95,127,203,160,153,15,183,87,245,255,100,22,85,126,84,112,106,86,82,225,141,179,15,183,87,245,255,100,22,85,126,84,112,55,12,58,135,230,151,123,242,27,176,175,43,68,1,29,27,62,99,13,48,135,243,226,65,246,26,176,130},
{100,11,85,61,27,62,99,13,48,135,141,179,15,183,87,245,255,100,22,85,59,26,52,26,117,127,203,160,153,74,249,19,216,213,73,60,85,126,84,112,113,16,45,203,238,216,66,242,87,188,177,100,70,20,55,6,35,63,12,58,135,230,151,123,242,27,176,175,43,68,1,29,27,62,99,13,48,135,243,144,15,243,24,216,213,100,22,85,126,84,112,55,95,54,141,160,215,64,227,87,176,167,45,69,1,55,26,55,76,17,62,134,229,228,15,227,31,176,177,73,60,85,126,84,112,55,95,127,203,160,153,15,183,4,176,179,34,12,49,59,7,36,101,16,38,191,229,213,74,231,24,167,171,7,89,27,42,6,63,123,87,49,138,237,220,6,154,125,245,255,100,22,85,126,84,112,114,17,59,230},
{138,153,15,183,87,176,177,32,59,127,59,26,52,26,117,82,225,230,204,65,244,3,188,176,42,22,52,46,4,106,84,19,58,138,242,234,70,250,7,185,186,1,101,37,118,93,93,29,95,127,203,160,213,64,244,22,185,255,41,87,5,126,73,112,96,16,45,128,243,201,78,244,18,239,153,45,88,17,24,29,34,100,11,28,131,233,213,75,191,85,184,176,42,89,22,54,6,63,122,26,125,194,141,179,34,157,87,245,255,100,95,19,126,25,49,103,95,43,131,229,215,34,157,87,245,255,100,22,85,126,84,54,120,13,127,180,172,153,64,245,29,176,188,48,22,28,48,84,57,103,30,54,153,243,145,66,246,7,239,152,33,66,49,59,7,51,114,17,59,138,238,205,92,191,94,252,255,32,89,120},
{84,84,112,55,95,127,203,160,153,15,183,87,245,182,34,22,26,60,30,53,116,11,113,165,225,212,74,173,26,180,171,39,94,93,124,42,24,126,27,59,142,238,242,74,238,82,177,244,96,20,92,126,0,56,114,17,82,225,160,153,15,183,87,245,255,100,22,85,126,84,112,55,95,127,135,239,218,78,251,87,189,182,35,94,25,55,19,56,99,95,98,230,138,153,15,183,87,245,255,100,22,85,126,84,112,55,95,127,203,160,153,15,183,24,183,181,33,85,1,100,50,57,121,27,25,130,242,202,91,212,31,188,179,32,30,87,29,1,35,99,16,50,174,211,233,13,190,122,223,210,78,22,85,126,84,112,55,95,127,203,160,153,15,183,87,245,255,45,80,85,54,29,55,127,19,54,140,232,205,34},
{157,87,245,255,100,22,85,126,84,112,55,95,127,203,160,153,15,183,87,245,255,37,88,17,126,28,57,112,23,51,130,231,209,91,173,62,166,158,108,20,61,55,19,56,123,22,56,131,244,155,6,183,3,189,186,42,59,127,126,84,112,55,95,127,203,160,153,15,183,87,245,255,100,22,85,126,84,112,127,22,56,131,236,208,72,255,3,239,155,33,69,1,44,27,41,63,86,82,225,160,153,15,183,87,245,255,100,22,85,126,84,112,55,95,127,142,238,221,34,157,87,245,255,100,22,85,126,84,112,55,95,127,142,238,221,34,157,87,245,255,100,22,85,126,84,53,121,27,82,225,160,153,15,183,18,187,187,73,60,120,84,84,112,55,95,51,132,227,216,67,183,26,186,177,55,66,16,44,84,109},
{55,8,48,153,235,202,95,246,20,176,229,2,95,27,58,50,57,101,12,43,168,232,208,67,243,95,247,137,1,100,87,119,121,90,26,117,127,203,160,153,70,241,87,184,176,42,69,1,59,6,112,99,23,58,133,141,179,15,183,87,245,255,100,22,85,50,27,51,118,19,127,131,233,222,71,251,30,178,183,48,22,72,83,126,112,55,95,127,203,160,153,15,183,87,245,255,41,89,27,45,0,53,101,69,25,130,238,221,105,254,5,166,171,7,94,28,50,16,120,53,60,42,152,244,214,66,210,36,133,253,109,59,127,83,126,112,55,95,127,203,160,153,15,254,17,245,183,45,81,29,50,29,55,127,11,82,225,160,153,15,183,87,245,255,100,22,85,126,84,49,121,27,127,131,233,222,71,251,30,178},
{183,48,12,60,45,53,120,53,55,54,140,232,213,70,240,31,161,253,109,22,1,54,17,62,26,117,127,203,160,153,15,183,87,245,255,100,22,85,54,29,55,127,19,54,140,232,205,21,211,18,166,171,54,89,12,118,93,93,29,95,127,203,160,153,15,183,87,176,177,32,59,127,126,84,112,55,26,49,143,141,179,74,249,19,216,213,73,60,19,43,26,51,99,22,48,133,160,248,95,231,77,128,175,32,87,1,59,39,57,122,15,51,142,197,234,127,191,94,216,213,100,22,85,126,24,63,116,30,51,203,237,216,95,183,74,245,168,43,68,30,45,4,49,116,26,101,173,233,215,75,209,30,167,172,48,117,29,55,24,52,63,93,50,132,238,214,76,255,5,186,178,33,20,92,83,126,93,29,95,127},
{203,160,208,73,183,4,176,179,34,24,58,46,0,57,120,17,44,197,214,220,93,210,36,133,255,48,94,16,48,121,90,55,95,127,203,160,153,15,183,27,186,188,37,90,85,40,17,34,55,66,127,156,239,203,68,228,7,180,188,33,12,51,55,26,52,81,22,45,152,244,250,71,254,27,177,247,102,96,48,12,86,121,26,117,82,225,160,153,15,183,87,245,255,100,95,19,126,2,53,101,95,43,131,229,215,34,157,87,245,255,100,22,85,126,84,112,55,95,127,135,239,218,78,251,87,189,182,35,94,25,55,19,56,99,95,98,230,138,153,15,183,87,245,255,100,22,85,126,84,112,55,95,127,203,246,220,93,173,49,188,177,32,112,28,44,7,36,84,23,54,135,228,145,13,212,2,166,171,43,91},
{48,13,36,114,62,114,85,230,138,153,15,183,87,245,255,100,22,85,126,84,112,126,25,127,133,239,205,15,255,30,178,183,40,95,18,54,0,112,99,23,58,133,141,179,15,183,87,245,255,100,22,85,126,84,112,55,95,127,203,160,209,70,240,31,185,182,35,94,1,126,73,112,94,17,44,159,225,215,76,242,89,187,186,51,30,87,22,29,55,127,19,54,140,232,205,13,190,122,223,255,100,22,85,126,84,112,55,95,127,203,160,153,15,183,87,189,182,35,94,25,55,19,56,99,81,17,138,237,220,15,170,87,247,156,49,69,1,49,25,21,68,47,125,230,138,153,15,183,87,245,255,100,22,85,126,84,112,55,95,127,203,232,208,72,255,27,188,184,44,66,91,31,16,63,101,17,58,142,160,132},
{15,225,18,167,210,78,22,85,126,84,112,55,95,127,203,160,153,15,183,87,245,255,44,95,18,54,24,57,112,23,43,197,198,208,67,251,52,186,179,43,68,85,99,121,90,55,95,127,203,160,153,15,183,87,245,255,100,22,85,126,84,112,55,95,127,168,239,213,64,229,68,251,185,54,89,24,12,51,18,63,77,106,222,172,153,31,187,87,229,246,73,60,85,126,84,112,55,95,127,203,160,153,15,183,87,245,255,100,94,28,57,28,60,126,24,55,159,174,246,90,227,27,188,177,33,117,26,50,27,34,55,66,82,225,160,153,15,183,87,245,255,100,22,85,126,84,112,55,95,127,203,160,153,15,212,24,185,176,54,5,91,56,6,63,122,45,24,169,168,139,26,162,91,245,237,113,3,89,126,70},
{101,34,86,82,225,160,153,15,183,87,245,255,100,22,85,126,84,112,55,95,127,131,233,222,71,251,30,178,183,48,24,51,55,24,60,67,13,62,133,243,201,78,229,18,187,188,61,22,72,126,68,126,34,114,85,203,160,153,15,183,87,245,255,100,22,85,126,84,112,55,95,55,130,231,209,67,254,16,189,171,106,114,16,46,0,56,90,16,59,142,160,132,34,157,87,245,255,100,22,85,126,84,112,55,95,127,203,160,153,15,183,87,245,255,1,88,0,51,90,24,126,24,55,135,233,222,71,227,51,176,175,48,94,56,49,16,53,57,62,51,156,225,192,92,216,25,129,176,52,59,127,126,84,112,55,95,127,203,160,153,15,183,87,245,255,100,22,29,55,19,56,123,22,56,131,244,151,127,246,5},
{176,177,48,22,72,126,2,53,101,114,85,203,160,153,15,183,87,245,255,100,22,85,126,17,62,115,114,85,203,160,153,15,183,87,245,255,33,88,17,83,126,112,55,95,127,142,236,202,74,154,125,245,255,100,22,85,126,84,112,123,16,60,138,236,153,89,242,5,245,226,73,60,85,126,84,112,55,95,127,203,160,153,15,183,0,186,173,47,69,5,63,23,53,45,57,54,133,228,255,70,229,4,161,156,44,95,25,58,92,114,65,58,13,201,169,180,37,154,125,245,255,100,22,85,126,84,112,126,25,127,157,229,203,15,227,31,176,177,73,60,85,126,84,112,55,95,127,203,160,153,15,183,27,186,188,37,90,85,54,29,55,127,19,54,140,232,205,15,170,122,223,255,100,22,85,126,84,112,55,95},
{127,203,160,153,15,183,87,163,186,54,12,51,55,26,52,81,22,45,152,244,250,71,254,27,177,247,102,117,0,45,0,63,122,58,12,187,162,144,34,157,122,223,255,100,22,85,126,84,112,55,95,127,203,160,208,73,183,31,188,184,44,90,28,57,28,36,26,117,127,203,160,153,15,183,87,245,255,100,22,85,126,84,112,55,30,49,143,160,209,70,240,31,185,182,35,94,1,100,61,35,86,87,125,163,233,222,71,251,30,178,183,48,20,92,126,0,56,114,17,82,225,160,153,15,183,87,245,255,100,22,85,126,84,112,55,95,127,131,233,222,71,251,30,178,183,48,12,49,59,7,36,101,16,38,195,169,180,37,183,87,245,255,100,22,85,126,84,112,55,95,58,133,228,180,37,183,87,245,255,100},
{22,85,126,17,62,115,114,85,203,160,153,15,242,25,177,210,78,59,127,126,84,112,55,22,57,203,237,216,95,183,22,187,187,100,69,16,50,18,126,88,15,43,130,239,215,92,185,60,176,166,1,101,37,126,0,56,114,17,82,225,160,153,15,183,87,245,255,100,80,26,44,84,15,59,95,52,142,249,153,70,249,87,188,175,37,95,7,45,92,61,118,15,101,172,229,205,107,242,4,182,186,42,82,20,48,0,35,63,86,118,203,228,214,34,157,87,245,255,100,22,85,126,84,112,55,95,127,130,230,153,68,242,14,251,145,37,91,16,100,25,49,99,28,55,195,162,231,103,254,19,177,186,42,125,16,39,81,52,60,91,125,194,141,179,15,183,87,245,255,100,22,85,126,84,112,55,95,127,203,160},
{216,65,243,87,190,186,61,12,50,59,0,17,99,11,45,130,226,204,91,242,95,247,156,43,90,25,59,23,36,114,27,125,194,160,199,18,183,3,167,170,33,22,1,54,17,62,26,117,82,225,160,153,15,183,87,245,255,100,22,85,126,84,112,55,95,127,135,239,218,78,251,87,189,182,35,94,25,55,19,56,99,95,98,230,138,153,15,183,87,245,255,100,22,85,126,84,112,55,95,127,203,160,153,15,183,28,176,166,126,112,28,48,16,22,126,13,44,159,195,209,70,251,19,253,253,7,67,6,42,27,61,82,44,15,201,169,180,37,154,125,245,255,100,22,85,126,84,112,55,95,127,203,160,153,15,183,30,179,255,42,89,1,126,28,57,112,23,51,130,231,209,91,183,3,189,186,42,59,127,126},
{84,112,55,95,127,203,160,153,15,183,87,245,255,100,22,85,126,84,112,127,22,56,131,236,208,72,255,3,245,226,100,127,27,45,0,49,121,28,58,197,238,220,88,191,85,157,182,35,94,25,55,19,56,99,93,118,230,138,153,15,183,87,245,255,100,22,85,126,84,112,55,95,127,203,160,153,15,183,31,188,184,44,90,28,57,28,36,57,49,62,134,229,153,18,183,85,150,170,55,66,26,51,49,3,71,93,82,225,160,153,15,183,87,245,255,100,22,85,126,84,112,55,95,127,203,160,153,15,255,30,178,183,40,95,18,54,0,126,86,27,48,153,238,220,74,183,74,245,180,33,79,120,84,84,112,55,95,127,203,160,153,15,183,87,245,255,100,22,85,126,84,112,55,23,54,140,232,213,70,240},
{31,161,241,2,95,25,50,55,63,123,16,45,203,189,180,37,183,87,245,255,100,22,85,126,84,112,55,95,127,203,160,153,15,183,87,245,255,100,22,85,29,27,60,120,13,108,197,230,203,64,250,37,146,157,108,4,64,107,88,112,37,74,106,199,160,137,6,154,125,245,255,100,22,85,126,84,112,55,95,127,203,160,153,15,183,87,245,255,100,94,28,57,28,60,126,24,55,159,174,246,90,227,27,188,177,33,117,26,50,27,34,55,66,82,225,160,153,15,183,87,245,255,100,22,85,126,84,112,55,95,127,203,160,153,15,183,87,245,255,7,89,25,49,6,99,57,25,45,132,237,235,104,213,95,229,243,100,6,89,126,68,121,26,117,127,203,160,153,15,183,87,245,255,100,22,85,126,84,112,55},
{95,127,203,160,209,70,240,31,185,182,35,94,1,112,50,57,123,19,11,153,225,215,92,231,22,167,186,42,85,12,126,73,112,39,81,106,230,138,153,15,183,87,245,255,100,22,85,126,84,112,55,95,127,203,160,153,15,183,31,188,184,44,90,28,57,28,36,57,59,58,155,244,209,98,248,19,176,255,121,59,127,126,84,112,55,95,127,203,160,153,15,183,87,245,255,100,22,85,126,84,112,55,95,127,203,197,215,90,250,89,157,182,35,94,25,55,19,56,99,59,58,155,244,209,98,248,19,176,241,5,90,2,63,13,35,88,17,11,132,240,180,37,183,87,245,255,100,22,85,126,84,112,55,95,127,203,160,153,15,183,87,245,183,45,81,29,50,29,55,127,11,113,187,225,203,74,249,3,245,226},
{100,93,16,39,121,90,55,95,127,203,160,153,15,183,87,245,255,100,22,85,126,84,53,121,27,82,225,160,153,15,183,87,245,255,100,22,85,126,84,53,121,27,82,225,160,153,15,183,87,245,255,100,83,27,58,121,90,55,95,127,203,229,213,92,242,30,179,255,41,87,5,126,0,56,114,17,82,225,160,153,15,183,87,245,255,100,80,26,44,84,15,59,95,52,142,249,153,70,249,87,188,175,37,95,7,45,92,61,118,15,101,172,229,205,107,242,4,182,186,42,82,20,48,0,35,63,86,118,203,228,214,34,157,87,245,255,100,22,85,126,84,112,55,95,127,130,230,153,68,242,14,251,145,37,91,16,100,25,49,99,28,55,195,162,231,103,254,19,177,186,42,125,16,39,81,52,60,91,125,194},
{160,205,71,242,25,216,213,100,22,85,126,84,112,55,95,127,203,160,153,15,183,87,245,179,43,85,20,50,84,56,126,24,55,135,233,222,71,227,87,232,210,78,22,85,126,84,112,55,95,127,203,160,153,15,183,87,245,255,100,22,85,126,31,53,110,69,25,130,238,221,105,254,5,166,171,7,94,28,50,16,120,53,60,42,152,244,214,66,210,36,133,253,109,59,127,83,126,112,55,95,127,203,160,153,15,183,87,245,255,100,22,85,126,29,54,55,23,54,140,232,213,70,240,31,161,210,78,22,85,126,84,112,55,95,127,203,160,153,15,183,87,245,255,100,22,85,126,21,62,115,95,55,130,231,209,67,254,16,189,171,126,127,6,31,92,114,95,22,56,131,236,208,72,255,3,247,246,100,66,29},
{59,26,93,29,95,127,203,160,153,15,183,87,245,255,100,22,85,126,84,112,55,95,127,203,232,208,72,255,27,188,184,44,66,79,26,17,35,99,13,48,146,168,144,34,157,87,245,255,100,22,85,126,84,112,55,95,127,203,160,153,15,242,25,177,210,78,22,85,126,84,112,55,95,127,203,160,153,15,242,25,177,210,78,22,85,126,84,112,55,95,127,142,238,221,34,157,87,245,255,100,83,27,58,121,90,114,17,59,230,138,180,37,241,2,187,188,48,95,26,48,84,17,103,15,101,184,229,205,96,231,3,188,176,42,30,27,63,25,53,59,95,41,138,236,204,74,190,122,223,255,100,22,85,55,18,112,121,16,43,203,243,220,67,241,89,148,179,45,64,16,126,0,56,114,17,82,225,160,153,15},
{183,87,245,255,100,68,16,42,1,34,121,114,85,203,160,153,15,242,25,177,210,78,59,127,126,84,112,55,12,58,135,230,151,96,231,3,188,176,42,69,46,48,21,61,114,34,127,214,160,207,78,251,2,176,255,121,11,85,42,6,37,114,114,85,230,138,153,15,183,87,185,176,39,87,25,126,23,63,121,11,45,132,236,153,18,183,4,176,179,34,24,54,49,26,36,101,16,51,152,219,215,78,250,18,136,210,78,59,127,126,84,112,55,22,57,203,227,214,65,227,5,186,179,73,60,85,126,84,112,55,95,127,203,225,215,75,183,20,186,177,48,68,26,50,78,23,114,11,119,194,160,199,18,183,4,176,179,34,24,58,46,0,57,120,17,44,176,238,216,66,242,42,245,171,44,83,27,83,126,112},
{55,95,127,203,160,153,15,244,24,187,171,54,89,25,100,39,53,99,87,82,225,160,153,15,183,87,245,255,100,22,85,126,84,35,114,19,57,197,207,201,91,254,24,187,172,31,88,20,51,17,13,59,114,85,203,160,153,15,183,87,245,255,100,22,85,126,0,34,98,26,82,225,160,153,15,183,87,245,255,100,31,120,84,84,112,55,95,58,133,228,180,37,154,125,245,255,100,22,28,56,84,62,120,11,127,157,225,213,90,242,87,161,183,33,88,120,84,84,112,55,95,127,203,160,153,92,242,27,179,229,22,83,6,42,27,34,114,87,49,138,237,220,6,154,125,216,213,100,22,85,126,84,112,55,95,54,141,160,215,78,250,18,245,226,121,22,87,31,1,36,120,52,58,146,240,216,75,181,87,161},
{183,33,88,120,84,84,112,55,95,127,203,160,153,15,183,87,245,172,33,90,19,112,36,53,121,27,54,133,231,253,70,240,30,161,255,121,22,27,55,24,93,29,95,127,203,160,153,15,183,87,245,255,100,22,6,59,24,54,57,44,48,135,246,220,93,196,3,180,171,49,69,85,99,84,114,88,25,57,201,141,179,15,183,87,245,255,100,22,85,59,26,52,26,117,82,225,160,153,15,183,87,245,255,100,80,26,44,84,32,101,16,50,155,244,153,70,249,87,165,190,45,68,6,118,7,53,123,25,113,169,245,202,86,199,5,186,178,52,66,6,119,84,52,120,114,85,203,160,153,15,183,87,245,255,100,22,85,126,29,54,55,87,82,225,160,153,15,183,87,245,255,100,22,85,126,84,112,55,95,127},
{133,225,212,74,183,74,232,255,102,119,0,42,27,20,101,30,40,142,242,202,13,154,125,245,255,100,22,85,126,84,112,55,95,127,203,160,153,15,183,22,187,187,100,70,7,49,25,32,99,81,17,138,237,220,15,170,74,245,253,0,68,20,41,17,34,71,13,48,134,240,205,13,154,125,245,255,100,22,85,126,84,112,55,95,127,203,169,180,37,183,87,245,255,100,22,85,126,84,112,55,95,48,153,160,145,34,157,87,245,255,100,22,85,126,84,112,55,95,127,203,160,153,15,249,22,184,186,100,11,72,126,86,17,98,11,48,187,236,216,65,252,4,247,210,78,22,85,126,84,112,55,95,127,203,160,153,15,183,87,245,255,37,88,17,126,4,34,120,18,47,159,174,247,78,250,18,245,226,121,22},
{87,14,6,41,71,13,48,134,240,205,13,154,125,245,255,100,22,85,126,84,112,55,95,127,203,169,153,91,255,18,187,210,78,59,127,126,84,112,55,95,127,203,160,153,15,183,87,245,255,100,22,5,61,21,60,123,87,57,158,238,218,91,254,24,187,247,109,59,127,126,84,112,55,95,127,203,160,153,15,183,87,245,255,100,22,85,126,84,112,103,13,48,134,240,205,21,222,25,165,170,48,126,26,50,16,21,121,27,119,194,141,179,15,183,87,245,255,100,22,85,126,84,112,55,95,127,203,160,220,65,243,94,216,213,100,22,85,126,84,112,55,95,127,203,160,153,74,249,19,216,213,100,22,85,126,84,112,55,95,58,133,228,180,37,183,87,245,255,33,90,6,59,121,90,55,95,127,203,160,153},
{15,183,4,176,179,34,24,49,55,6,36,110,95,98,203,244,203,90,242,122,223,210,78,22,85,126,84,112,55,95,127,130,230,153,65,246,26,176,255,121,11,85,124,53,37,99,16,20,142,249,201,78,243,85,245,171,44,83,27,83,126,112,55,95,127,203,160,153,15,183,87,245,255,55,83,25,56,90,30,114,7,43,184,239,213,89,242,87,232,255,116,59,127,126,84,112,55,95,127,203,160,220,65,243,122,223,210,78,22,85,126,84,112,55,95,127,152,229,213,73,173,54,165,175,40,79,35,55,7,37,118,19,44,195,169,180,37,183,87,245,255,33,88,17,83,126,93,29,95,127,203,160,208,73,183,25,180,178,33,22,72,99,84,114,65,26,45,174,211,233,13,154,125,245,255,100,22,85,126,84},
{112,120,13,127,133,225,212,74,183,74,232,255,102,125,16,39,49,3,71,93,127,159,232,220,65,154,125,245,255,100,22,85,126,84,112,100,26,51,141,186,236,95,243,22,161,186,23,95,24,46,24,53,82,44,15,195,169,180,37,183,87,245,255,33,88,17,83,126,93,29,95,127,203,160,202,74,251,17,239,138,52,82,20,42,17,2,114,30,59,142,242,145,6,154,125,176,177,32,59,127,83,126,54,98,17,60,159,233,214,65,183,54,165,175,126,101,1,49,4,17,123,19,119,194,141,179,15,183,87,245,172,33,90,19,112,51,53,121,26,45,138,244,208,64,249,87,232,210,78,22,85,126,84,112,55,95,127,152,229,213,73,185,48,176,177,33,68,20,42,29,63,121,95,116,203,177,180,37,154,125},
{245,255,100,22,19,49,6,112,121,30,50,142,160,208,65,183,7,180,182,54,69,93,45,17,60,113,81,16,155,244,208,64,249,4,252,255,32,89,120,84,84,112,55,95,127,203,160,153,92,242,27,179,241,11,70,1,55,27,62,100,36,49,138,237,220,114,183,74,245,185,37,90,6,59,121,90,26,117,127,203,160,153,15,183,87,245,182,34,22,6,59,24,54,57,60,48,133,244,203,64,251,4,142,177,37,91,16,3,84,36,127,26,49,230,138,153,15,183,87,245,255,100,22,85,126,84,112,100,26,51,141,174,250,64,249,3,167,176,40,69,46,48,21,61,114,34,101,184,229,205,7,154,125,245,255,100,22,85,126,84,112,55,95,127,203,160,153,15,183,17,180,179,55,83,89,83,126,112,55,95},
{127,203,160,153,15,183,87,245,255,100,22,85,126,0,34,98,26,82,225,160,153,15,183,87,245,255,100,22,85,126,84,121,26,117,127,203,160,153,15,183,87,245,186,42,82,120,84,84,112,55,95,58,133,228,180,37,154,125,245,255,100,22,19,49,6,112,103,13,48,134,240,205,15,254,25,245,175,37,95,7,45,92,35,114,19,57,197,194,204,92,238,39,167,176,41,70,1,45,93,112,115,16,82,225,160,153,15,183,87,245,255,100,70,22,63,24,60,63,25,42,133,227,205,70,248,25,253,246,73,60,85,126,84,112,55,95,127,203,160,153,15,183,7,167,176,41,70,1,100,61,62,103,10,43,163,239,213,75,210,25,177,247,109,59,127,126,84,112,55,95,127,203,160,220,65,243,94,216,213,100},
{22,85,126,17,62,115,114,85,230,138,153,15,183,87,166,186,40,80,79,12,17,35,99,16,45,142,168,155,102,249,4,161,190,42,66,87,119,121,90,55,95,127,203,243,220,67,241,77,135,186,55,66,26,44,17,120,53,57,42,135,236,219,93,254,16,189,171,102,31,120,84,84,112,55,95,44,142,236,223,21,197,18,166,171,43,68,16,118,86,19,123,26,62,133,211,218,93,242,18,187,253,109,59,127,126,84,112,55,12,58,135,230,131,108,251,18,180,173,23,95,24,46,24,53,82,44,15,195,169,180,37,154,125,245,255,100,22,6,59,24,54,57,47,58,133,228,208,65,240,51,188,184,45,66,85,99,84,62,126,19,82,225,160,153,15,183,4,176,179,34,24,38,49,24,38,114,13,12,159,225},
{205,90,228,87,232,255,102,121,19,56,86,93,29,95,127,203,160,202,74,251,17,251,140,48,87,1,43,7,112,42,95,125,170,236,213,15,241,18,180,171,49,68,16,45,84,35,99,16,47,155,229,221,13,154,125,216,213,100,22,85,126,7,53,123,25,101,190,240,221,78,227,18,135,186,37,82,16,44,92,121,26,117,58,133,228,180,37,154,125,179,170,42,85,1,55,27,62,55,62,47,155,186,236,65,251,24,180,187,108,31,120,84,84,112,55,95,54,141,160,215,64,227,87,166,186,40,80,91,31,24,57,97,26,127,159,232,220,65,154,125,245,255,100,22,85,126,84,112,101,26,43,158,242,215,34,157,87,245,255,100,83,27,58,121,90,26,117,127,203,160,153,92,242,27,179,229,23,66,26,46},
{53,60,123,87,118,230,138,153,15,183,87,166,186,40,80,91,31,24,57,97,26,127,214,160,223,78,251,4,176,210,78,59,127,126,84,112,55,25,48,153,160,215,78,250,18,245,182,42,22,5,63,29,34,100,87,44,142,236,223,1,195,18,185,186,52,89,7,42,55,63,121,11,45,132,236,202,6,183,19,186,210,78,22,85,126,84,112,55,95,127,152,229,213,73,173,51,176,172,48,68,26,39,32,53,123,26,47,132,242,205,108,248,25,161,173,43,90,93,48,21,61,114,86,82,225,160,153,15,183,18,187,187,73,60,120,84,84,112,55,95,57,132,242,153,112,187,87,182,176,42,88,16,61,0,57,120,17,127,130,238,153,70,231,22,188,173,55,30,6,59,24,54,57,60,48,133,238,220,76,227},
{30,186,177,55,31,85,58,27,93,29,95,127,203,160,153,15,183,87,182,176,42,88,16,61,0,57,120,17,101,175,233,202,76,248,25,187,186,39,66,93,119,121,90,55,95,127,203,229,215,75,154,125,216,213,100,22,85,126,7,53,123,25,113,168,239,215,65,242,20,161,182,43,88,6,126,73,112,108,2,82,225,141,179,15,183,87,245,182,34,22,6,59,24,54,57,40,54,133,228,214,88,183,3,189,186,42,59,127,126,84,112,55,95,127,203,160,202,74,251,17,251,136,45,88,17,49,3,106,83,26,44,159,242,214,86,191,94,216,213,100,22,85,126,17,62,115,114,85,230,138,153,15,183,87,188,185,100,115,27,40,29,34,120,17,50,142,238,205,1,200,40,152,144,10,121,54,22,38,31,90},
{58,0,170,201,235,105,219,56,130,255,121,11,85,45,17,60,113,95,43,131,229,215,34,157,87,245,255,100,22,85,126,84,21,121,9,54,153,239,215,66,242,25,161,241,27,105,56,17,58,31,84,55,13,164,205,252,112,214,62,135,153,8,121,34,126,73,112,121,22,51,230,138,153,15,183,87,176,177,32,59,127,59,26,52,26,117,82,225,236,214,76,246,27,245,136,45,88,17,49,3,112,42,95,30,130,242,223,67,248,0,239,156,54,83,20,42,17,7,126,17,59,132,247,145,84,154,125,245,255,100,22,59,63,25,53,55,66,127,201,205,246,97,216,52,157,141,11,123,48,124,88,93,29,95,127,203,160,240,76,248,25,245,226,100,20,16,39,17,114,59,114,85,203,160,153,15,195,24,178,184},
{40,83,32,23,63,53,110,29,54,133,228,153,18,183,50,187,170,41,24,62,59,13,19,120,27,58,197,210,208,72,255,3,150,176,42,66,7,49,24,124,26,117,127,203,160,153,124,254,13,176,255,121,22,32,26,29,61,37,81,57,153,239,212,96,241,17,166,186,48,30,66,110,68,124,55,74,110,219,169,149,34,157,87,245,255,100,123,28,48,39,57,109,26,127,214,160,239,74,244,3,186,173,118,24,27,59,3,120,36,79,111,199,160,139,25,167,94,249,210,78,22,85,126,84,27,114,26,47,164,238,234,76,229,18,176,177,100,11,85,42,6,37,114,83,82,225,160,153,15,183,56,165,186,42,116,0,42,0,63,121,95,98,203,213,202,74,229,62,187,175,49,66,38,59,6,38,126,28,58,197},
{212,214,90,244,31,144,177,37,84,25,59,16,112,118,17,59,203,251,180,37,183,87,245,255,100,22,85,126,32,57,99,19,58,203,189,153,13,218,56,155,144,102,26,120,84,84,112,55,95,127,203,160,153,102,244,24,187,255,121,22,87,59,13,53,53,114,85,203,160,153,15,234,87,186,173,100,80,20,50,7,53,59,114,85,203,160,153,15,219,24,180,187,45,88,18,126,73,112,113,30,51,152,229,149,34,157,87,245,255,100,117,26,48,18,57,112,10,45,138,244,208,64,249,36,180,169,45,88,18,126,73,112,108,114,85,203,160,153,15,183,87,245,255,1,88,20,60,24,53,115,95,98,203,230,216,67,228,18,216,213,100,22,85,126,9,124,26,117,34,194,141,179,34,157,54,165,175,106,97,28},
{48,16,63,96,95,98,203,215,208,65,243,24,162,210,78,59,127,50,27,51,118,19,127,166,225,208,65,183,74,216,213,100,22,85,126,35,57,121,27,48,156,186,250,93,242,22,161,186,16,87,23,118,15,93,29,95,127,203,160,153,15,183,87,155,190,41,83,85,99,84,114,90,30,54,133,162,149,34,157,87,245,255,100,22,85,126,84,25,116,16,49,203,189,153,13,252,18,172,242,54,89,0,48,16,114,26,117,127,203,160,153,82,190,122,223,210,78,90,26,61,21,60,55,58,12,187,160,132,34,157,87,245,255,100,97,28,48,16,63,96,69,28,153,229,216,91,242,35,180,189,108,77,120,84,84,112,55,95,127,203,160,153,97,246,26,176,255,121,22,87,27,39,0,53,83,82,225,160,153,15},
{183,87,245,255,100,127,22,49,26,112,42,95,125,152,227,216,65,186,18,172,186,102,59,127,126,84,112,55,2,118,230,138,180,37,251,24,182,190,40,22,33,59,24,53,103,16,45,159,243,153,18,154,125,245,255,100,22,34,55,26,52,120,8,101,168,242,220,78,227,18,129,190,38,30,14,83,126,112,55,95,127,203,160,153,15,217,22,184,186,100,11,85,124,32,53,123,26,47,132,242,205,13,187,122,223,255,100,22,85,126,84,112,55,54,60,132,238,153,18,183,85,184,190,52,27,5,55,26,114,26,117,127,203,160,153,82,190,122,223,210,78,90,26,61,21,60,55,41,54,152,245,216,67,228,87,232,210,78,22,85,126,84,7,126,17,59,132,247,131,108,229,18,180,171,33,98,20,60,92,43},
{26,117,127,203,160,153,15,183,87,245,145,37,91,16,126,73,112,53,41,54,152,245,216,67,228,85,249,210,78,22,85,126,84,112,55,95,127,162,227,214,65,183,74,245,253,55,67,27,124,121,90,55,95,127,203,253,144,34,157,122,223,179,43,85,20,50,84,3,114,11,43,130,238,222,92,183,74,216,213,100,22,85,126,35,57,121,27,48,156,186,250,93,242,22,161,186,16,87,23,118,15,93,29,95,127,203,160,153,15,183,87,155,190,41,83,85,99,84,114,68,26,43,159,233,215,72,228,85,249,210,78,22,85,126,84,112,55,95,127,162,227,214,65,183,74,245,253,55,83,1,42,29,62,112,12,125,230,138,153,15,183,87,168,246,73,60,120,84,53,32,103,81,11,138,226,202,15,170,87,174},
{210,78,22,85,126,84,29,118,22,49,203,189,153,98,246,30,187,243,73,60,85,126,84,112,82,44,15,203,189,153,106,196,39,249,210,78,22,85,126,84,4,114,19,58,155,239,203,91,228,87,232,255,16,83,25,59,4,63,101,11,44,199,141,179,15,183,87,245,137,45,69,0,63,24,35,55,66,127,189,233,202,90,246,27,166,243,73,60,85,126,84,112,68,26,43,159,233,215,72,228,87,232,255,23,83,1,42,29,62,112,12,82,225,253,180,37,154,125,148,175,52,24,33,59,24,53,103,16,45,159,212,216,77,183,74,245,139,33,90,16,46,27,34,99,12,82,225,141,179,73,226,25,182,171,45,89,27,126,53,32,103,69,30,143,228,237,64,240,16,185,186,108,59,127,126,84,112,55,11,62},
{137,172,180,37,183,87,245,255,47,83,12,114,121,90,55,95,127,203,238,216,66,242,91,216,213,100,22,85,126,16,53,113,30,42,135,244,180,37,190,122,223,255,100,22,85,45,17,60,113,81,16,155,244,208,64,249,4,142,180,33,79,40,126,73,112,113,30,51,152,229,180,37,154,125,245,255,100,22,25,49,23,49,123,95,60,132,238,205,93,248,27,245,226,73,60,85,126,84,112,55,95,127,203,244,216,77,173,52,167,186,37,66,16,10,27,55,112,19,58,195,251,180,37,183,87,245,255,100,22,85,126,84,112,55,95,17,138,237,220,15,170,87,187,190,41,83,89,83,126,112,55,95,127,203,160,153,15,183,87,245,255,7,67,7,44,17,62,99,41,62,135,245,220,15,170,87,179,190,40,69},
{16,114,121,90,55,95,127,203,160,153,15,183,87,245,255,100,117,20,50,24,50,118,28,52,203,189,153,73,226,25,182,171,45,89,27,118,2,49,123,10,58,194,141,179,15,183,87,245,255,100,22,85,126,84,112,55,95,127,203,160,202,74,251,17,239,140,33,66,58,46,0,57,120,17,119,230,138,153,15,183,87,245,255,100,22,85,126,84,112,55,95,127,203,160,153,15,183,28,176,166,104,59,127,126,84,112,55,95,127,203,160,153,15,183,87,245,255,100,22,85,126,84,112,97,30,51,158,229,180,37,183,87,245,255,100,22,85,126,84,112,55,95,127,203,160,153,6,154,125,245,255,100,22,85,126,84,112,55,95,127,203,229,215,75,187,122,223,255,100,22,85,126,84,112,55,2,118,230,138,180},
{37,183,87,245,255,55,83,25,56,90,19,120,17,43,153,239,213,92,204,28,176,166,25,22,72,126,23,63,121,11,45,132,236,180,37,154,125,245,255,100,22,19,49,6,112,72,83,127,135,225,219,74,251,87,188,177,100,95,5,63,29,34,100,87,82,225,160,153,15,183,87,245,255,100,85,26,48,0,34,120,19,113,180,230,203,78,250,18,239,142,49,83,7,39,48,53,100,28,58,133,228,216,65,227,4,253,210,78,22,85,126,84,112,55,95,127,203,160,153,15,181,35,176,167,48,122,20,60,17,60,53,114,85,203,160,153,15,183,87,245,255,109,59,127,126,84,112,55,86,127,143,239,180,37,183,87,245,255,100,22,85,126,24,49,117,26,51,197,212,220,87,227,32,167,190,52,70,16,58,84},
{109,55,11,45,158,229,180,37,183,87,245,255,100,22,85,126,24,49,117,26,51,197,212,220,87,227,35,167,170,42,85,20,42,17,112,42,114,85,203,160,153,15,183,87,245,255,100,22,85,126,49,62,98,18,113,191,229,193,91,195,5,160,177,39,87,1,59,90,30,120,17,58,230,138,153,15,183,87,176,177,32,59,127,83,126,112,55,95,127,130,230,153,75,242,17,180,170,40,66,85,42,28,53,121,114,85,203,160,153,15,183,87,245,255,55,83,25,56,78,3,114,11,16,155,244,208,64,249,95,216,213,100,22,85,126,84,112,55,95,127,203,160,153,68,242,14,249,210,78,22,85,126,84,112,55,95,127,203,160,153,15,227,5,160,186,73,60,85,126,84,112,55,95,127,203,169,180,37,183,87},
{245,255,33,88,17,83,126,93,29,95,127,203,160,203,74,227,2,167,177,100,85,26,48,0,34,120,19,82,225,229,215,75,154,125,216,213,5,70,5,112,38,53,118,27,58,153,160,132,34,157,87,245,255,100,123,20,55,26,106,84,13,58,138,244,220,127,246,5,180,184,54,87,5,54,92,43,26,117,127,203,160,153,15,183,87,245,139,45,66,25,59,84,109,55,93,26,135,229,207,78,227,24,167,255,7,89,17,59,86,124,26,117,127,203,160,153,15,183,87,245,156,43,88,1,59,26,36,55,66,127,201,215,216,70,227,30,187,184,100,80,26,44,84,36,127,26,127,136,239,221,74,183,25,186,171,33,20,120,84,84,112,55,95,34,194,141,179,34,157,17,186,173,100,105,89,126,24,49,117,26},
{51,203,233,215,15,254,7,180,182,54,69,93,83,126,112,55,95,127,170,240,201,1,197,18,180,187,33,68,91,1,18,34,118,18,58,209,209,204,74,229,14,145,186,55,85,16,48,16,49,121,11,44,195,141,179,15,183,87,245,255,100,22,85,124,32,53,111,11,19,138,226,220,67,181,122,223,255,100,22,85,119,121,90,62,95,59,132,141,179,15,183,87,245,182,34,22,25,63,22,53,123,81,11,142,248,205,15,233,74,245,253,1,90,16,40,21,36,120,13,127,168,239,221,74,181,87,161,183,33,88,120,84,84,112,55,95,127,203,160,153,67,246,21,176,179,106,98,16,38,0,3,126,5,58,203,189,153,29,161,122,223,255,100,22,85,126,84,112,55,19,62,137,229,213,1,195,18,173,171,7},
{89,25,49,6,99,55,66,82,225,160,153,15,183,87,245,255,100,22,85,126,84,17,126,13,57,135,239,206,1,195,31,176,178,33,24,52,61,23,53,121,11,82,225,160,153,15,183,18,187,187,73,60,16,48,16,93,29,114,85,170,240,201,1,196,3,180,171,49,69,54,63,6,52,55,66,82,225,160,153,15,183,58,180,182,42,12,54,44,17,49,99,26,15,138,242,216,72,229,22,165,183,108,77,120,84,84,112,55,95,127,203,160,153,123,254,3,185,186,100,11,85,124,39,36,118,11,42,152,162,149,34,157,87,245,255,100,22,85,126,84,19,120,17,43,142,238,205,15,170,87,247,141,33,87,17,39,86,93,29,95,127,203,160,196,6,154,125,216,213,5,70,5,100,53,52,115,43,48,140,231},
{213,74,191,122,223,255,100,22,85,19,21,57,121,83,82,225,160,153,15,183,85,135,186,37,82,16,44,86,124,26,117,127,203,160,153,13,219,30,163,186,100,115,25,59,2,49,99,16,45,203,195,214,75,242,87,135,186,37,82,16,44,86,124,26,117,127,203,160,153,91,229,2,176,210,78,31,120,84,121,90,90,30,54,133,186,250,93,242,22,161,186,6,67,1,42,27,62,63,4,82,225,160,153,15,183,57,180,178,33,22,72,126,86,19,120,15,38,203,197,213,74,225,22,161,176,54,22,54,49,16,53,53,83,82,225,160,153,15,183,62,182,176,42,22,72,126,86,51,120,15,38,201,172,180,37,183,87,245,255,7,87,25,50,22,49,116,20,127,214,160,223,90,249,20,161,182,43,88,93,119},
{121,90,55,95,127,203,160,153,15,183,54,165,175,126,117,26,46,13,120,26,117,127,203,160,153,15,183,87,245,255,100,22,85,31,4,32,45,45,58,138,228,250,64,243,18,253,246,73,60,85,126,84,112,55,95,127,203,169,180,37,183,87,245,255,33,88,17,83,126,45,62,114,85,230,138,248,95,231,77,148,187,32,98,26,57,19,60,114,87,82,225,160,153,15,183,58,180,182,42,26,120,84,84,112,55,95,125,170,245,205,64,220,18,172,175,37,82,87,114,121,90,55,95,127,203,162,248,90,227,24,245,140,43,90,3,59,84,27,114,6,47,138,228,155,34,157,94,216,213,73,60,52,46,4,106,86,27,59,191,239,222,72,251,18,253,210,78,22,85,126,84,29,118,22,49,199,141,179,15,183},
{87,245,253,13,88,6,42,21,62,99,93,115,230,138,153,15,183,87,247,150,42,69,1,63,26,36,55,47,45,132,248,208,66,254,3,172,255,20,68,26,51,4,36,100,93,82,225,169,180,37,154,125,148,175,52,12,52,58,16,4,120,24,56,135,229,145,34,157,87,245,255,100,123,20,55,26,124,26,117,127,203,160,153,13,214,2,161,176,0,68,20,41,17,34,100,93,115,230,138,153,15,183,87,247,158,49,66,26,126,59,32,114,17,127,175,242,216,88,242,5,166,253,73,60,92,83,126,93,29,62,47,155,186,248,75,243,35,186,184,35,90,16,118,121,90,55,95,127,203,205,216,70,249,91,216,213,100,22,85,126,86,17,98,11,48,187,236,216,65,252,4,247,243,73,60,85,126,84,112,53},
{62,42,159,239,153,127,229,14,245,143,40,87,27,53,7,114,26,117,118,230,138,180,37,210,36,133,229,7,68,16,63,0,53,68,26,60,159,233,214,65,191,12,216,213,100,22,85,126,58,49,122,26,127,214,160,155,108,226,4,161,176,41,22,48,13,36,114,26,117,34,194,141,179,34,157,54,165,175,126,119,17,58,32,63,112,24,51,142,168,180,37,183,87,245,255,1,101,37,114,121,90,55,95,127,203,162,239,74,229,50,134,143,102,26,120,84,84,112,55,95,125,189,197,235,15,210,36,133,253,73,60,92,83,126,93,29,62,47,155,186,248,75,243,35,186,184,35,90,16,118,121,90,55,95,127,203,197,234,127,187,122,223,255,100,22,85,124,63,53,110,58,12,187,162,149,34,157,87,245,255},
{100,20,61,55,16,52,114,17,127,160,229,192,92,183,50,134,143,102,59,127,119,121,90,26,117,26,184,208,131,108,229,18,180,171,33,102,20,44,21,55,101,30,47,131,168,194,34,157,87,245,255,100,98,28,42,24,53,55,66,127,201,197,234,127,183,52,186,179,43,68,6,124,88,93,29,95,127,203,160,250,64,249,3,176,177,48,22,72,126,86,6,82,45,101,203,242,220,75,183,17,188,179,40,22,90,126,3,56,126,11,58,203,239,204,91,251,30,187,186,24,88,62,59,13,35,45,95,38,142,236,213,64,224,87,179,182,40,90,85,113,84,50,123,30,60,128,160,214,90,227,27,188,177,33,20,120,84,9,121,26,117,82,225,212,220,67,242,7,186,173,48,69,79,29,6,53,118,11,58,184},
{229,218,91,254,24,187,247,63,59,127,126,84,112,55,49,62,134,229,153,18,183,85,158,186,61,22,33,59,24,53,103,16,45,159,243,155,34,157,10,252,210,78,59,127,10,17,60,114,15,48,153,244,202,21,212,5,176,190,48,83,55,43,0,36,120,17,119,144,141,179,15,183,87,245,145,37,91,16,126,73,112,53,43,58,135,229,201,64,229,3,245,171,43,22,38,46,21,39,121,93,115,230,138,153,15,183,87,156,188,43,88,85,99,84,114,127,16,42,152,229,155,3,154,125,245,255,100,22,54,63,24,60,117,30,60,128,160,132,15,241,2,187,188,48,95,26,48,92,121,26,117,127,203,160,153,15,183,87,245,158,52,70,79,10,17,60,114,15,48,153,244,237,64,196,7,180,168,42,30,92},
{83,126,112,55,95,127,142,238,221,3,154,125,168,246,73,60,120,84,32,53,123,26,47,132,242,205,92,173,52,167,186,37,66,16,28,1,36,99,16,49,195,251,180,37,183,87,245,255,10,87,24,59,84,109,55,93,13,142,230,203,74,228,31,245,148,33,79,85,18,29,35,99,93,115,230,138,153,15,183,87,156,188,43,88,85,99,84,114,101,26,57,153,229,202,71,186,20,162,253,104,59,127,126,84,112,55,60,62,135,236,219,78,244,28,245,226,100,80,0,48,23,36,126,16,49,195,169,180,37,183,87,245,255,100,22,85,126,53,32,103,69,13,142,230,203,74,228,31,129,186,40,83,5,49,6,36,85,10,43,159,239,215,92,191,94,216,213,100,22,85,126,17,62,115,83,82,225,253,144,34},
{157,122,223,158,52,70,91,10,17,60,114,15,48,153,244,234,91,246,3,160,172,100,11,120,84,84,112,55,95,11,142,236,220,95,248,5,161,172,126,117,7,59,21,36,114,47,62,153,225,222,93,246,7,189,247,63,59,127,126,84,112,55,95,127,203,160,237,70,227,27,176,255,121,22,87,21,17,41,100,93,115,230,138,153,15,183,87,245,255,100,22,54,49,26,36,114,17,43,203,189,153,13,196,20,180,177,42,95,27,57,90,126,57,93,82,225,160,153,15,183,10,252,210,78,59,127,31,4,32,45,62,59,143,212,214,72,240,27,176,247,73,60,85,126,84,112,65,22,44,158,225,213,92,187,122,223,255,100,22,85,124,50,37,123,19,61,153,233,222,71,227,85,249,210,78,22,85,126,84,114},
{81,10,51,135,226,203,70,240,31,161,253,73,60,92,83,126,93,29,62,47,155,186,248,75,243,35,186,184,35,90,16,118,121,90,55,95,127,203,214,208,92,226,22,185,172,104,59,127,126,84,112,55,93,28,135,229,216,65,196,20,167,186,33,88,87,114,121,90,55,95,127,203,162,235,74,250,24,163,186,100,101,22,44,17,53,121,95,24,153,225,208,65,183,88,245,137,12,101,85,27,18,54,114,28,43,201,141,179,6,154,125,216,213,23,83,1,42,29,62,112,12,101,168,242,220,78,227,18,134,186,39,66,28,49,26,120,108,114,85,203,160,153,15,217,22,184,186,100,11,85,124,39,53,100,12,54,132,238,155,34,157,10,252,210,78,59,127,13,17,36,99,22,49,140,243,131,108,229,18,180},
{171,33,116,0,42,0,63,121,87,36,230,138,153,15,183,87,155,190,41,83,85,99,84,114,68,11,48,155,160,248,67,251,85,249,210,78,22,85,126,84,25,116,16,49,203,189,153,13,228,6,160,190,54,83,87,114,121,90,55,95,127,203,195,216,67,251,21,180,188,47,22,72,126,18,37,121,28,43,130,239,215,7,190,122,223,255,100,22,85,126,84,112,55,62,47,155,186,234,91,248,7,148,179,40,30,92,83,126,93,29,95,127,203,160,153,15,183,87,148,175,52,12,59,49,0,57,113,6,119,230,138,153,15,183,87,245,255,100,22,85,126,84,112,53,44,43,132,240,201,74,243,85,249,210,78,22,85,126,84,112,55,95,127,203,160,153,15,181,54,185,179,100,80,16,63,0,37,101,26,44},
{203,225,203,74,183,24,179,185,106,22,58,44,29,55,126,17,62,135,160,207,70,228,2,180,179,55,22,7,59,7,36,120,13,58,143,174,155,34,157,87,245,255,100,22,85,126,84,121,26,117,127,203,160,153,74,249,19,216,213,57,31,120,84,121,90,86,15,47,197,203,220,86,245,30,187,187,100,11,120,84,84,112,55,95,12,142,244,205,70,249,16,166,229,7,68,16,63,0,53,92,26,38,137,233,215,75,191,12,216,213,100,22,85,126,84,112,55,95,17,138,237,220,15,170,87,247,146,33,88,0,126,63,53,110,29,54,133,228,155,3,154,125,245,255,100,22,85,126,84,112,84,10,45,153,229,215,91,220,18,172,189,45,88,17,126,73,93,29,95,127,203,160,153,15,183,87,245,255,100,22},
{48,48,1,61,57,52,58,146,195,214,75,242,89,135,182,35,94,1,29,27,62,99,13,48,135,172,180,37,183,87,245,255,100,22,85,126,59,62,84,23,62,133,231,220,75,183,74,245,185,49,88,22,42,29,63,121,87,52,142,249,144,34,157,87,245,255,100,22,85,126,84,112,55,95,127,188,233,215,75,248,0,239,140,33,66,62,59,13,50,126,17,59,195,235,220,86,190,122,223,255,100,22,85,126,84,112,55,26,49,143,172,180,37,183,87,245,255,57,31,120,84,121,90,68,26,43,159,233,215,72,228,77,150,173,33,87,1,59,54,37,99,11,48,133,168,194,34,157,87,245,255,100,120,20,51,17,112,42,95,125,190,238,213,64,246,19,247,243,73,60,85,126,84,112,94,28,48,133,160,132},
{15,181,7,186,168,33,68,87,114,121,90,55,95,127,203,195,216,67,251,21,180,188,47,22,72,126,18,37,121,28,43,130,239,215,7,190,122,223,255,100,22,85,126,84,112,55,62,47,155,186,236,65,251,24,180,187,108,31,120,84,84,112,55,95,58,133,228,149,34,157,10,252,210,78,59,127,13,17,36,99,22,49,140,243,131,108,229,18,180,171,33,101,16,61,0,57,120,17,119,144,141,179,15,183,87,245,145,37,91,16,126,73,112,53,60,45,142,228,208,91,228,85,216,213,57,31,120,84,121,90,68,26,43,159,233,215,72,228,77,150,173,33,87,1,59,54,37,99,11,48,133,168,194,34,157,87,245,255,100,120,20,51,17,112,42,95,125,168,242,220,75,254,3,166,255,105,22,1,49,6},
{37,53,83,82,225,160,153,15,183,62,182,176,42,22,72,126,86,37,100,26,45,201,172,180,37,183,87,245,255,7,87,25,50,22,49,116,20,127,214,160,223,90,249,20,161,182,43,88,93,119,121,90,55,95,127,203,160,153,15,183,54,165,175,126,117,26,46,13,120,26,117,127,203,160,153,15,183,87,245,255,100,22,85,124,28,36,99,15,44,209,175,150,93,228,20,167,182,52,66,6,112,26,53,99,80,31,159,239,203,90,181,122,223,255,100,22,85,126,84,112,55,86,82,225,160,153,15,183,18,187,187,104,59,127,35,93,93,29,114,85,135,239,218,78,251,87,186,173,45,81,28,48,21,60,67,16,56,140,236,220,15,170,87,130,182,42,82,26,41,90,4,120,24,56,135,229,180,37,154,125},
{179,170,42,85,1,55,27,62,55,40,54,133,228,214,88,173,35,186,184,35,90,16,118,27,32,114,17,118,230,138,153,15,183,87,188,185,100,99,6,59,6,25,121,15,42,159,211,220,93,225,30,182,186,126,113,16,42,50,63,116,10,44,142,228,237,74,239,3,151,176,60,30,92,126,0,56,114,17,82,225,160,153,15,183,87,245,255,100,68,16,42,1,34,121,114,85,203,160,153,15,242,25,177,210,78,59,127,126,84,112,55,16,45,130,231,208,65,246,27,129,176,35,81,25,59,92,93,29,95,127,203,160,153,15,183,87,166,186,40,80,89,83,126,112,55,95,127,203,160,153,15,248,7,176,177,73,60,85,126,84,112,62,114,85,142,238,221,34,157,122,223,179,43,85,20,50,84,35,126,27},
{58,137,225,203,15,170,122,223,255,100,22,85,9,29,62,115,16,40,197,194,214,75,238,77,147,182,42,82,51,55,6,35,99,60,55,130,236,221,7,154,125,245,255,100,22,85,126,84,112,53,44,54,143,229,219,78,229,85,216,213,100,22,85,126,93,93,29,114,85,135,239,218,78,251,87,189,186,37,82,16,44,84,109,26,117,127,203,160,153,92,254,19,176,189,37,68,120,84,84,112,55,95,62,133,228,153,92,254,19,176,189,37,68,79,24,29,62,115,57,54,153,243,205,108,255,30,185,187,108,59,127,126,84,112,55,95,127,203,160,155,103,242,22,177,186,54,20,120,84,84,112,55,95,118,230,138,180,37,254,17,245,183,33,87,17,59,6,112,99,23,58,133,141,179,15,183,87,245,185,43},
{68,85,1,88,112,126,28,48,133,160,208,65,183,30,165,190,45,68,6,118,121,90,55,95,127,203,160,153,15,183,31,176,190,32,83,7,100,37,37,114,13,38,175,229,202,76,242,25,177,190,42,66,6,118,121,90,55,95,127,203,160,153,15,183,87,245,255,100,20,60,51,21,55,114,51,62,137,229,213,13,154,125,245,255,100,22,85,126,84,112,62,114,85,203,160,153,15,190,87,177,176,73,60,85,126,84,112,55,95,127,203,233,218,64,249,89,131,182,55,95,23,50,17,112,42,95,57,138,236,202,74,154,125,245,255,100,22,16,48,16,93,29,114,85,203,160,153,15,241,24,167,255,27,26,85,50,21,50,114,19,127,130,238,153,70,231,22,188,173,55,30,120,84,84,112,55,95,127,203,160},
{153,71,242,22,177,186,54,12,36,43,17,34,110,59,58,152,227,220,65,243,22,187,171,55,30,120,84,84,112,55,95,127,203,160,153,15,183,87,245,253,16,83,13,42,56,49,117,26,51,201,141,179,15,183,87,245,255,100,22,85,119,121,90,55,95,127,203,169,153,75,248,122,223,255,100,22,85,126,84,112,55,19,62,137,229,213,1,195,18,173,171,100,11,85,124,12,104,53,114,85,203,160,153,15,183,87,245,255,40,87,23,59,24,126,67,26,39,159,211,208,85,242,87,232,255,118,6,120,84,84,112,55,95,127,203,160,153,67,246,21,176,179,106,98,16,38,0,19,120,19,48,153,179,153,18,154,125,245,255,100,22,85,126,84,112,55,95,127,203,195,214,67,248,5,230,241,34,68,26,51},
{38,23,85,87,82,225,160,153,15,183,87,245,255,100,22,85,126,84,112,55,95,127,217,181,140,3,154,125,245,255,100,22,85,126,84,112,55,95,127,203,160,153,15,183,71,249,210,78,22,85,126,84,112,55,95,127,203,160,153,15,183,87,245,255,117,1,69,83,126,112,55,95,127,203,160,153,15,183,87,245,255,109,59,127,126,84,112,55,95,127,203,160,213,78,245,18,185,241,16,83,13,42,39,36,101,16,52,142,212,203,78,249,4,165,190,54,83,27,61,13,112,42,95,110,230,138,153,15,183,87,245,255,100,22,25,63,22,53,123,81,25,132,238,205,15,170,87,144,177,49,91,91,24,27,62,99,81,24,132,244,209,78,250,122,223,255,100,22,85,126,84,112,55,19,62,137,229,213,1,199},
{24,166,182,48,95,26,48,84,109,26,117,127,203,160,153,15,183,87,245,255,100,22,85,11,48,57,122,77,113,141,242,214,66,216,17,179,172,33,66,93,83,126,112,55,95,127,203,160,153,15,183,87,245,255,100,22,85,126,69,102,59,114,85,203,160,153,15,183,87,245,255,100,22,85,126,84,112,55,95,110,221,141,179,15,183,87,245,255,100,22,85,126,84,112,55,86,82,225,160,153,15,183,87,245,255,100,90,20,60,17,60,57,44,54,145,229,153,18,154,125,245,255,100,22,85,126,84,112,55,95,127,203,213,253,70,250,69,251,177,33,65,93,83,126,112,55,95,127,203,160,153,15,183,87,245,255,100,22,85,126,69,124,26,117,127,203,160,153,15,183,87,245,255,100,22,85,126,84,112,55},
{82,108,217,172,180,37,183,87,245,255,100,22,85,126,84,112,55,95,127,203,160,153,31,187,122,223,255,100,22,85,126,84,112,55,95,127,203,160,153,15,183,87,230,239,73,60,85,126,84,112,55,95,127,203,160,153,15,183,94,216,213,100,22,85,126,84,112,55,95,51,138,226,220,67,185,35,176,167,48,110,52,50,29,55,121,18,58,133,244,153,18,154,125,245,255,100,22,85,126,84,112,55,95,127,203,197,215,90,250,89,129,186,60,66,45,31,24,57,112,17,50,142,238,205,1,219,18,179,171,73,60,85,126,84,112,55,95,127,203,236,216,77,242,27,251,139,33,78,1,7,53,60,126,24,49,134,229,215,91,183,74,216,213,100,22,85,126,84,112,55,95,127,203,160,153,106,249,2,184,241},
{16,83,13,42,45,17,123,22,56,133,237,220,65,227,89,150,186,42,66,16,44,121,90,55,95,127,203,229,215,75,154,125,176,177,32,59,127,83,126,60,120,28,62,135,160,205,78,245,59,180,166,43,67,1,126,73,93,29,95,127,203,160,238,70,249,19,186,168,106,98,20,60,56,57,100,11,101,173,233,215,75,209,30,167,172,48,117,29,55,24,52,88,25,28,135,225,202,92,191,122,223,255,100,22,85,126,84,112,55,93,10,162,204,208,92,227,59,180,166,43,67,1,124,121,90,55,95,127,203,169,180,37,154,125,185,176,39,87,25,126,0,49,117,47,62,143,228,208,65,240,87,232,210,78,22,85,126,84,7,126,17,59,132,247,151,123,246,21,153,182,55,66,79,24,29,62,115,57,54,153},
{243,205,108,255,30,185,187,11,80,54,50,21,35,100,87,82,225,160,153,15,183,87,245,255,100,20,32,23,36,49,115,27,54,133,231,155,34,157,87,245,255,100,31,120,84,121,90,123,16,60,138,236,153,64,229,30,178,182,42,87,25,14,6,63,103,26,45,159,233,220,92,183,74,245,164,57,59,127,83,126,60,120,28,62,135,160,223,90,249,20,161,182,43,88,85,44,17,61,114,18,61,142,242,145,34,157,87,245,255,100,89,23,52,17,51,99,83,82,225,160,153,15,183,7,167,176,52,83,7,42,29,53,100,114,85,194,141,179,15,183,87,245,182,34,22,27,49,0,112,120,29,53,142,227,205,15,227,31,176,177,73,60,85,126,84,112,55,95,127,203,242,220,91,226,5,187,210,78,22,85},
{126,84,53,121,27,82,225,141,179,15,183,87,245,179,43,85,20,50,84,38,118,19,42,142,243,153,18,183,12,168,210,78,59,127,126,84,112,55,25,48,153,160,230,3,183,7,167,176,52,83,7,42,13,112,126,17,127,130,240,216,70,229,4,253,210,78,22,85,126,84,112,55,95,127,155,242,214,95,242,5,161,182,33,69,120,84,84,112,55,95,118,203,228,214,34,157,87,245,255,100,22,85,126,84,38,118,19,42,142,243,226,95,229,24,165,186,54,66,12,3,84,109,26,117,127,203,160,153,15,183,87,245,255,100,22,85,49,22,58,114,28,43,176,240,203,64,231,18,167,171,61,107,120,84,84,112,55,95,58,133,228,180,37,154,125,245,255,100,22,26,44,29,55,126,17,62,135,208,203,64},
{231,18,167,171,45,83,6,5,27,50,125,26,60,159,221,153,18,154,125,245,255,100,22,85,126,84,112,97,30,51,158,229,202,34,157,18,187,187,73,60,120,84,6,53,122,26,50,137,229,203,7,154,125,245,255,100,22,6,55,16,53,117,30,45,199,141,179,15,183,87,245,164,102,101,28,36,17,114,106,114,85,194,141,179,34,157,5,176,178,33,91,23,59,6,120,26,117,127,203,160,153,120,254,25,177,176,51,24,54,49,26,36,114,17,43,199,141,179,15,183,87,245,164,73,60,85,126,84,112,55,95,127,203,162,233,64,228,30,161,182,43,88,87,114,121,90,55,95,127,203,160,153,15,183,85,134,182,62,83,87,83,126,112,55,95,127,150,141,179,6,154,125,216,213,54,83,24,59,25,50},
{114,13,119,230,138,153,15,183,87,130,182,42,82,26,41,90,4,118,29,19,130,243,205,3,154,125,245,255,100,22,14,83,126,112,55,95,127,203,160,153,15,181,39,186,172,45,66,28,49,26,114,59,114,85,203,160,153,15,183,87,245,255,102,101,28,36,17,114,59,114,85,203,160,153,15,183,87,245,255,102,119,0,42,27,61,118,11,54,136,195,216,65,225,22,166,140,45,76,16,124,121,90,55,95,127,203,253,180,37,190,122,223,210,78,68,16,51,17,61,117,26,45,195,141,179,15,183,87,245,171,37,84,57,63,13,63,98,11,115,230,138,153,15,183,87,174,253,2,95,25,50,48,57,101,26,60,159,233,214,65,181,10,216,213,109,59,127,83,126,34,114,18,58,134,226,220,93,191,122,223},
{255,100,22,85,42,21,50,71,30,59,143,233,215,72,187,122,223,255,100,22,85,37,121,90,55,95,127,203,160,153,15,183,85,133,190,32,82,28,48,19,28,114,25,43,201,172,180,37,183,87,245,255,100,22,85,126,86,0,118,27,59,130,238,222,125,254,16,189,171,102,26,120,84,84,112,55,95,127,203,160,153,13,199,22,177,187,45,88,18,10,27,32,53,83,82,225,160,153,15,183,87,245,255,100,20,37,63,16,52,126,17,56,169,239,205,91,248,26,247,210,78,22,85,126,84,45,26,117,118,230,138,180,37,254,17,245,172,45,82,16,60,21,34,55,11,55,142,238,180,37,183,87,245,255,34,89,7,126,43,124,55,28,55,130,236,221,15,254,25,245,182,52,87,28,44,7,120,26,117,127},
{203,160,153,15,183,87,245,172,45,82,16,60,21,34,45,56,58,159,195,209,70,251,19,167,186,42,30,92,83,126,112,55,95,127,194,160,221,64,154,125,245,255,100,22,85,126,84,112,126,25,127,136,232,208,67,243,87,171,226,100,97,28,48,16,63,96,81,11,138,226,245,70,228,3,216,213,100,22,85,126,84,112,55,95,127,203,160,153,78,249,19,245,188,44,95,25,58,84,46,42,95,8,130,238,221,64,224,89,156,177,32,95,22,63,0,63,101,114,85,203,160,153,15,183,87,245,255,100,22,85,126,21,62,115,95,60,131,233,213,75,173,62,166,158,108,20,50,43,29,31,117,21,58,136,244,155,6,183,3,189,186,42,59,127,83,126,112,55,95,127,203,160,153,15,183,87,245,255,54,83},
{24,59,25,50,114,13,119,230,138,153,15,183,87,245,255,100,22,85,126,84,112,55,95,127,203,227,209,70,251,19,249,210,78,22,85,126,84,112,55,95,127,203,160,153,15,183,87,245,255,63,20,35,55,7,57,117,19,58,201,253,180,37,183,87,245,255,100,22,85,126,84,112,55,95,118,230,138,153,15,183,87,245,255,100,22,16,48,16,93,29,95,127,203,160,220,65,243,122,223,186,42,82,120,84,121,90,113,16,45,203,223,149,15,244,31,188,179,32,22,28,48,84,57,103,30,54,153,243,145,34,157,87,245,255,100,97,28,48,16,63,96,81,29,132,228,192,21,208,18,161,156,44,95,25,58,6,53,121,87,118,230,138,144,15,243,24,216,213,100,22,85,126,29,54,55,28,55,130,236,221},
{21,222,4,148,247,102,112,7,63,25,53,53,86,82,225,160,153,15,183,87,245,255,100,87,27,58,84,51,127,22,51,143,174,234,70,237,18,251,135,106,121,19,56,7,53,99,95,98,214,160,136,34,157,87,245,255,100,22,85,126,84,49,121,27,127,136,232,208,67,243,89,133,176,55,95,1,55,27,62,57,39,113,164,230,223,92,242,3,245,226,121,22,68,105,68,112,99,23,58,133,141,179,34,157,87,245,255,100,22,85,126,84,34,114,18,58,134,226,220,93,191,122,223,255,100,22,85,126,84,112,55,95,127,203,160,218,71,254,27,177,243,73,60,85,126,84,112,55,95,127,203,160,153,15,183,12,247,137,45,69,28,60,24,53,53,2,82,225,160,153,15,183,87,245,255,100,31,120,84,84},
{112,55,95,58,133,228,180,37,242,25,177,210,78,59,127,56,27,34,55,32,115,203,244,216,77,183,30,187,255,45,70,20,55,6,35,63,114,85,203,160,153,15,192,30,187,187,43,65,91,10,21,50,100,114,85,194,160,221,64,154,125,245,255,100,22,7,59,25,53,122,29,58,153,168,180,37,183,87,245,255,100,22,85,126,0,49,117,81,0,137,245,205,91,248,25,249,210,78,22,85,126,84,112,55,95,127,144,162,234,70,237,18,247,162,73,60,85,126,84,112,62,114,85,230,138,153,15,183,87,167,186,41,83,24,60,17,34,63,114,85,203,160,153,15,183,87,245,255,48,87,23,112,43,60,118,29,58,135,172,180,37,183,87,245,255,100,22,85,126,15,93,29,95,127,203,160,153,15,183,87},
{245,255,100,22,87,14,27,35,126,11,54,132,238,155,3,154,125,245,255,100,22,85,126,84,112,55,95,127,203,162,234,70,237,18,247,243,73,60,85,126,84,112,55,95,127,203,160,153,15,183,85,129,186,60,66,45,31,24,57,112,17,50,142,238,205,13,154,125,245,255,100,22,85,126,84,112,106,114,85,203,160,153,15,190,122,223,210,78,22,85,126,84,57,113,95,43,138,226,151,112,254,20,186,177,100,66,29,59,26,93,29,95,127,203,160,153,15,183,87,167,186,41,83,24,60,17,34,63,114,85,203,160,153,15,183,87,245,255,100,22,85,126,0,49,117,81,0,130,227,214,65,187,122,223,255,100,22,85,126,84,112,55,95,127,203,160,194,13,193,30,166,182,38,90,16,124,9,93,29,95},
{127,203,160,153,15,183,87,252,210,78,22,85,126,84,53,121,27,82,225,141,179,15,183,87,245,179,43,85,20,50,84,32,118,27,59,130,238,222,15,170,122,223,255,100,22,85,126,84,112,55,11,62,137,174,245,70,228,3,239,153,45,88,17,24,29,34,100,11,28,131,233,213,75,216,17,150,179,37,69,6,118,121,90,55,95,127,203,160,153,15,183,87,245,255,100,20,32,23,36,49,115,27,54,133,231,155,34,157,87,245,255,100,22,85,126,84,121,26,117,82,225,160,153,15,183,30,179,255,52,87,17,58,29,62,112,95,43,131,229,215,34,157,87,245,255,100,22,85,126,84,34,114,18,58,134,226,220,93,191,122,223,255,100,22,85,126,84,112,55,95,127,203,160,201,78,243,19,188,177,35},
{26,120,84,84,112,55,95,127,203,160,153,15,183,87,245,164,73,60,85,126,84,112,55,95,127,203,160,153,15,183,87,245,255,100,20,37,63,16,52,126,17,56,167,229,223,91,181,91,216,213,100,22,85,126,84,112,55,95,127,203,160,153,15,183,87,245,253,20,87,17,58,29,62,112,45,54,140,232,205,13,154,125,245,255,100,22,85,126,84,112,55,95,127,203,253,180,37,183,87,245,255,100,22,85,126,93,93,29,95,127,203,160,220,65,243,122,223,186,42,82,120,84,121,90,123,16,60,138,236,153,64,229,30,178,182,42,87,25,23,26,52,126,28,62,159,239,203,15,170,122,223,255,100,22,85,9,29,62,115,16,40,197,223,201,67,246,20,176,150,42,82,28,61,21,36,120,13,82,225,141},
{179,73,226,25,182,171,45,89,27,126,35,57,121,27,48,156,186,230,95,251,22,182,186,13,88,17,55,23,49,99,16,45,195,244,216,77,190,122,223,255,100,22,85,55,18,112,86,15,47,197,195,214,66,231,22,182,171,100,66,29,59,26,93,29,95,127,203,160,153,15,183,87,166,186,40,80,91,23,26,52,126,28,62,159,239,203,1,193,30,166,182,38,90,16,126,73,112,113,30,51,152,229,180,37,183,87,245,255,33,90,6,59,121,90,55,95,127,203,160,153,15,183,24,167,182,35,95,27,63,24,25,121,27,54,136,225,205,64,229,95,216,213,100,22,85,126,84,112,55,95,127,203,160,153,92,242,27,179,243,73,60,85,126,84,112,55,95,127,203,160,153,15,183,3,180,189,73,60,85,126},
{84,112,55,95,127,203,169,180,37,183,87,245,255,33,88,17,83,126,53,121,27,82,225,141,179,73,226,25,182,171,45,89,27,126,53,32,103,69,19,138,249,214,90,227,95,163,182,33,65,5,49,6,36,62,114,85,203,160,153,15,251,24,182,190,40,22,6,55,14,53,55,66,82,225,160,153,15,183,87,245,255,100,64,28,59,3,32,120,13,43,230,138,153,15,183,87,245,255,100,22,26,44,84,7,126,17,59,132,247,151,104,226,30,251,158,38,69,26,50,1,36,114,44,54,145,229,180,37,154,125,245,255,100,22,28,56,84,35,126,5,58,197,216,153,19,183,70,216,213,100,22,85,126,84,112,55,95,48,153,160,202,70,237,18,251,134,100,10,85,111,84,36,127,26,49,230,138,153,15,183},
{87,245,255,100,22,7,59,0,37,101,17,82,225,160,153,15,183,18,187,187,73,60,120,84,84,112,55,95,44,142,236,223,1,212,24,184,175,37,85,1,126,73,93,29,95,127,203,160,153,15,183,87,166,182,62,83,91,6,84,108,55,73,109,219,141,179,34,157,87,245,255,100,80,26,44,84,63,117,21,58,136,244,149,15,231,5,186,175,33,68,1,55,17,35,55,22,49,203,240,216,70,229,4,253,210,78,22,85,126,84,112,55,95,127,132,242,208,72,254,25,180,179,20,68,26,46,17,34,99,22,58,152,141,179,15,183,87,245,246,100,82,26,83,126,112,55,95,127,203,160,153,15,241,24,167,255,52,68,26,46,17,34,99,6,115,203,246,216,67,226,18,245,182,42,22,5,63,29,34,100},
{87,82,225,160,153,15,183,87,245,255,100,22,85,126,84,32,101,16,47,142,242,205,70,242,4,216,213,100,22,85,126,84,112,55,95,118,203,228,214,34,157,87,245,255,100,22,85,126,84,112,55,95,127,132,226,211,74,244,3,142,175,54,89,5,59,6,36,110,34,127,214,160,207,78,251,2,176,210,78,22,85,126,84,112,55,95,127,142,238,221,34,157,87,245,255,100,83,27,58,121,90,26,117,127,203,160,153,120,254,25,177,176,51,24,39,49,27,36,57,44,54,145,229,153,18,154,125,245,255,100,22,85,126,84,112,66,59,54,134,178,151,73,229,24,184,144,34,80,6,59,0,120,26,117,127,203,160,153,15,183,87,245,255,100,22,85,51,21,36,127,81,50,130,238,145,34,157,87,245,255},
{100,22,85,126,84,112,55,95,127,203,160,153,15,160,71,229,243,73,60,85,126,84,112,55,95,127,203,160,153,15,183,87,245,255,100,91,20,42,28,126,122,30,39,195,141,179,15,183,87,245,255,100,22,85,126,84,112,55,95,127,203,160,153,15,183,87,231,231,116,26,120,84,84,112,55,95,127,203,160,153,15,183,87,245,255,100,22,85,126,84,112,55,12,54,145,229,151,119,183,90,245,237,112,59,127,126,84,112,55,95,127,203,160,153,15,183,87,245,255,100,22,92,83,126,112,55,95,127,203,160,153,15,183,87,245,255,109,26,120,84,84,112,55,95,127,203,160,153,15,183,87,245,178,37,66,29,112,25,57,121,87,82,225,160,153,15,183,87,245,255,100,22,85,126,84,112,55,95,127,222},
{177,137,3,154,125,245,255,100,22,85,126,84,112,55,95,127,203,160,153,15,183,26,180,171,44,24,24,63,12,120,26,117,127,203,160,153,15,183,87,245,255,100,22,85,126,84,112,55,95,127,203,160,139,29,167,91,216,213,100,22,85,126,84,112,55,95,127,203,160,153,15,183,87,245,255,100,22,85,45,29,42,114,81,6,203,173,153,29,163,122,223,255,100,22,85,126,84,112,55,95,127,203,160,153,15,183,87,252,210,78,22,85,126,84,112,55,95,127,203,160,153,15,190,122,223,255,100,22,85,126,84,112,55,86,82,225,141,179,15,183,87,245,136,45,88,17,49,3,126,69,16,48,159,174,233,64,228,30,161,182,43,88,85,99,121,90,55,95,127,203,160,153,15,183,34,145,182,41,4,91},
{56,6,63,122,44,60,138,236,220,7,154,125,245,255,100,22,85,126,84,112,55,95,127,203,176,151,26,187,122,223,255,100,22,85,126,84,112,55,95,127,203,160,137,1,162,122,223,255,100,22,85,126,84,112,55,86,82,225,141,179,15,183,87,245,182,34,22,6,59,24,54,57,60,48,134,240,216,76,227,87,161,183,33,88,120,84,84,112,55,95,127,203,160,153,70,241,87,166,182,32,83,23,63,6,112,99,23,58,133,141,179,15,183,87,245,255,100,22,85,126,84,112,55,12,54,143,229,219,78,229,89,134,182,62,83,85,99,121,90,55,95,127,203,160,153,15,183,87,245,255,100,22,85,126,84,5,83,22,50,217,174,215,74,224,95,216,213,100,22,85,126,84,112,55,95,127,203,160,153,15},
{183,87,245,255,100,22,85,111,88,93,29,95,127,203,160,153,15,183,87,245,255,100,22,85,126,84,112,55,95,127,203,176,149,34,157,87,245,255,100,22,85,126,84,112,55,95,127,203,160,153,15,183,87,245,255,116,26,120,84,84,112,55,95,127,203,160,153,15,183,87,245,255,100,22,85,126,84,112,55,74,107,230,138,153,15,183,87,245,255,100,22,85,126,84,112,55,95,127,203,169,180,37,154,125,245,255,100,22,85,126,84,112,55,95,127,203,230,214,93,183,24,183,181,33,85,1,114,84,32,101,16,47,142,242,205,70,242,4,245,182,42,22,5,63,29,34,100,87,82,225,160,153,15,183,87,245,255,100,22,85,126,84,112,55,95,127,132,242,208,72,254,25,180,179,20,68,26,46,17,34},
{99,22,58,152,141,179,15,183,87,245,255,100,22,85,126,84,112,55,86,127,143,239,180,37,183,87,245,255,100,22,85,126,84,112,55,95,127,203,160,153,70,241,87,165,173,43,70,16,44,0,57,114,12,113,189,233,202,70,245,27,176,255,58,11,85,48,29,60,26,117,127,203,160,153,15,183,87,245,255,100,22,85,126,84,112,55,95,127,203,160,216,65,243,87,187,176,48,22,26,60,30,53,116,11,101,162,243,253,74,228,20,176,177,32,87,27,42,59,54,63,114,85,203,160,153,15,183,87,245,255,100,22,85,126,84,112,55,95,127,203,160,153,15,183,87,245,136,45,88,17,49,3,126,67,30,61,167,233,202,91,154,125,245,255,100,22,85,126,84,112,55,95,127,203,160,153,15,183,87,245},
{255,100,31,85,42,28,53,121,114,85,230,138,153,15,183,87,245,255,100,22,85,126,84,112,55,95,127,203,160,153,15,183,24,183,181,33,85,1,112,34,57,100,22,61,135,229,153,18,183,17,180,179,55,83,120,84,84,112,55,95,127,203,160,153,15,183,87,245,255,100,22,85,59,26,52,26,117,127,203,160,153,15,183,87,245,255,100,22,85,59,26,52,26,117,127,203,160,153,15,183,87,245,186,42,82,120,84,121,90,55,95,127,203,160,153,15,183,32,188,177,32,89,2,112,32,49,117,51,54,152,244,151,127,248,4,188,171,45,89,27,126,73,93,29,95,127,203,160,153,15,183,87,245,255,100,22,32,26,29,61,37,81,57,153,239,212,96,241,17,166,186,48,30,120,84,84,112,55,95,127},
{203,160,153,15,183,87,245,255,100,22,85,102,88,93,29,95,127,203,160,153,15,183,87,245,255,100,22,85,126,84,112,35,114,85,203,160,153,15,183,87,245,255,100,22,85,126,93,93,29,114,85,203,160,153,15,183,87,245,255,19,95,27,58,27,39,57,43,62,137,204,208,92,227,89,134,182,62,83,85,99,121,90,55,95,127,203,160,153,15,183,87,245,255,100,99,49,55,25,98,57,17,58,156,168,180,37,183,87,245,255,100,22,85,126,84,112,55,95,127,203,160,153,30,187,122,223,255,100,22,85,126,84,112,55,95,127,203,160,153,15,183,87,248,238,114,26,120,84,84,112,55,95,127,203,160,153,15,183,87,245,255,100,22,85,110,88,93,29,95,127,203,160,153,15,183,87,245,255,100,22},
{85,126,84,112,35,73,82,225,160,153,15,183,87,245,255,100,22,85,126,84,121,26,117,82,225,160,153,15,183,87,245,255,100,97,28,48,16,63,96,81,11,138,226,245,70,228,3,251,158,49,66,26,51,21,36,126,28,28,138,238,207,78,228,36,188,165,33,22,72,83,126,112,55,95,127,203,160,153,15,183,87,245,255,1,88,0,51,90,17,98,11,48,134,225,205,70,244,36,188,165,33,24,59,49,26,53,26,117,82,225,160,153,15,183,87,245,255,100,66,20,60,56,49,110,16,42,159,174,255,70,251,27,145,182,54,83,22,42,29,63,121,95,98,230,138,153,15,183,87,245,255,100,22,85,126,84,112,82,17,42,134,174,255,70,251,27,145,182,54,83,22,42,29,63,121,81,23,132,242,208},
{85,248,25,161,190,40,59,127,83,126,112,55,95,127,203,160,153,15,227,22,183,143,37,82,17,55,26,55,57,47,62,143,228,208,65,240,59,176,185,48,22,72,83,126,112,55,95,127,203,160,153,15,183,87,245,255,17,114,28,51,90,62,114,8,119,230,138,153,15,183,87,245,255,100,22,85,126,84,112,55,95,127,203,176,149,34,157,87,245,255,100,22,85,126,84,112,55,95,127,203,160,153,15,167,122,223,255,100,22,85,126,84,112,55,95,127,203,160,144,34,157,122,223,255,100,22,85,126,84,112,55,11,62,137,208,216,75,243,30,187,184,106,102,20,58,16,57,121,24,13,130,231,209,91,183,74,216,213,100,22,85,126,84,112,55,95,127,203,160,153,122,211,30,184,241,42,83,2,118,121},
{90,55,95,127,203,160,153,15,183,87,245,255,100,22,85,126,84,96,59,114,85,203,160,153,15,183,87,245,255,100,22,85,126,84,112,55,95,111,230,138,153,15,183,87,245,255,100,22,85,126,84,112,62,114,85,230,138,153,15,183,87,245,255,100,22,1,63,22,0,118,27,59,130,238,222,1,199,22,177,187,45,88,18,10,27,32,55,66,82,225,160,153,15,183,87,245,255,100,22,85,126,84,5,83,22,50,197,238,220,88,191,122,223,255,100,22,85,126,84,112,55,95,127,203,160,153,15,183,87,229,243,73,60,85,126,84,112,55,95,127,203,160,153,15,183,87,245,255,100,6,120,84,84,112,55,95,127,203,160,153,15,183,87,245,246,73,60,120,84,84,112,55,95,127,203,160,153,91,246,21},
{133,190,32,82,28,48,19,126,71,30,59,143,233,215,72,213,24,161,171,43,91,85,99,121,90,55,95,127,203,160,153,15,183,87,245,255,100,99,49,55,25,126,121,26,40,195,141,179,15,183,87,245,255,100,22,85,126,84,112,55,95,127,203,160,137,3,154,125,245,255,100,22,85,126,84,112,55,95,127,203,160,153,15,183,71,216,213,100,22,85,126,84,112,55,95,127,203,160,153,6,154,125,216,213,100,22,85,126,84,112,55,95,8,130,238,221,64,224,89,150,176,42,66,16,48,0,126,71,16,44,130,244,208,64,249,87,232,210,78,22,85,126,84,112,55,95,127,203,160,153,15,194,51,188,178,118,24,19,44,27,61,88,25,57,152,229,205,7,154,125,245,255,100,22,85,126,84,112,55,95},
{127,203,160,153,15,183,71,249,210,78,22,85,126,84,112,55,95,127,203,160,153,15,183,87,245,255,113,2,120,84,84,112,55,95,127,203,160,153,15,183,87,245,246,73,60,120,84,84,112,55,95,127,203,160,153,120,254,25,177,176,51,24,54,49,26,36,114,17,43,197,211,208,85,242,87,232,210,78,22,85,126,84,112,55,95,127,203,160,153,15,194,51,188,178,118,24,27,59,3,120,26,117,127,203,160,153,15,183,87,245,255,100,22,85,126,84,112,55,78,115,230,138,153,15,183,87,245,255,100,22,85,126,84,112,55,95,127,203,176,149,34,157,87,245,255,100,22,85,126,84,112,55,95,127,203,160,153,15,166,91,216,213,100,22,85,126,84,112,55,95,127,203,160,153,15,183,87,245,242,113},
{2,120,84,84,112,55,95,127,203,160,153,15,183,87,245,246,73,60,120,84,84,112,55,95,127,203,160,153,67,248,20,180,179,100,66,20,60,55,63,98,17,43,203,189,180,37,183,87,245,255,100,22,85,126,84,112,55,95,50,138,244,209,1,250,22,173,247,73,60,85,126,84,112,55,95,127,203,160,153,15,183,87,245,255,100,7,89,83,126,112,55,95,127,203,160,153,15,183,87,245,255,100,22,85,126,87,7,126,17,59,132,247,151,123,246,21,166,210,78,22,85,126,84,112,55,95,127,203,160,153,15,190,122,223,210,78,22,85,126,84,112,55,95,127,141,239,203,15,200,91,245,171,37,84,85,55,26,112,126,15,62,130,242,202,7,154,125,245,255,100,22,85,126,84,112,55,95,127,203,215},
{208,65,243,24,162,241,16,87,23,45,121,90,55,95,127,203,160,153,15,183,94,245,187,43,59,127,126,84,112,55,95,127,203,160,153,15,183,87,161,190,38,24,42,60,1,36,99,16,49,197,211,208,85,242,87,232,210,78,22,85,126,84,112,55,95,127,203,160,153,15,183,87,245,255,17,114,28,51,70,126,121,26,40,195,141,179,15,183,87,245,255,100,22,85,126,84,112,55,95,127,203,160,153,15,183,87,228,255,107,22,1,63,22,19,120,10,49,159,172,180,37,183,87,245,255,100,22,85,126,84,112,55,95,127,203,160,153,15,183,87,245,242,119,26,120,84,84,112,55,95,127,203,160,153,15,183,87,245,255,100,22,85,126,84,112,55,79,115,230,138,153,15,183,87,245,255,100,22,85,126},
{84,112,55,95,127,203,160,153,15,183,67,225,210,78,22,85,126,84,112,55,95,127,203,160,153,15,183,87,245,255,109,59,127,83,126,112,55,95,127,203,160,153,15,183,87,245,255,48,87,23,112,43,60,118,29,58,135,174,233,64,228,30,161,182,43,88,85,99,121,90,55,95,127,203,160,153,15,183,87,245,255,100,22,85,126,84,5,83,22,50,217,174,215,74,224,95,252,210,78,59,127,126,84,112,55,95,127,203,160,153,15,183,87,161,190,38,24,42,50,21,50,114,19,113,184,233,195,74,183,74,216,213,100,22,85,126,84,112,55,95,127,203,160,153,15,183,87,245,138,0,95,24,108,90,54,101,16,50,184,227,216,67,242,95,216,213,100,22,85,126,84,112,55,95,127,203,160,153,15,183},
{87,245,255,100,22,85,111,88,93,29,95,127,203,160,153,15,183,87,245,255,100,22,85,126,84,112,55,95,127,203,177,180,37,183,87,245,255,100,22,85,126,84,112,55,95,127,203,160,153,6,154,125,216,213,100,22,85,126,84,112,55,95,127,203,160,153,91,246,21,251,128,40,87,23,59,24,126,67,26,39,159,216,248,67,254,16,187,178,33,88,1,126,73,93,29,95,127,203,160,153,15,183,87,245,255,100,22,85,126,84,112,82,17,42,134,174,237,74,239,3,141,158,40,95,18,48,25,53,121,11,113,168,229,215,91,242,5,216,213,73,60,85,126,84,112,55,95,127,203,160,153,15,183,30,179,255,48,87,23,112,43,57,116,16,49,203,244,209,74,249,122,223,255,100,22,85,126,84,112,55},
{95,127,203,160,153,15,183,87,161,190,38,24,42,55,23,63,121,81,9,130,243,208,77,251,18,245,226,100,80,20,50,7,53,26,117,127,203,160,153,15,183,87,245,255,100,22,85,59,26,52,26,117,82,225,160,153,15,183,87,245,255,100,22,85,126,84,60,120,28,62,135,160,201,78,243,19,188,177,35,22,72,83,126,112,55,95,127,203,160,153,15,183,87,245,255,100,22,85,126,0,49,117,81,19,130,243,205,21,209,30,187,187,2,95,7,45,0,19,127,22,51,143,207,223,108,251,22,166,172,108,59,127,126,84,112,55,95,127,203,160,153,15,183,87,245,255,100,22,85,126,84,112,53,42,22,187,225,221,75,254,25,178,253,73,60,85,126,84,112,55,95,127,203,160,153,15,183,87,245,255},
{100,31,120,84,121,90,55,95,127,203,160,153,15,183,87,245,255,100,95,19,126,4,49,115,27,54,133,231,153,91,255,18,187,210,78,22,85,126,84,112,55,95,127,203,160,153,15,183,87,245,255,52,87,17,58,29,62,112,81,15,138,228,221,70,249,16,153,186,34,66,85,99,121,90,55,95,127,203,160,153,15,183,87,245,255,100,22,85,126,84,112,55,95,127,190,196,208,66,185,25,176,168,108,59,127,126,84,112,55,95,127,203,160,153,15,183,87,245,255,100,22,85,126,84,112,55,95,127,203,176,149,34,157,87,245,255,100,22,85,126,84,112,55,95,127,203,160,153,15,183,87,245,255,100,22,85,126,76,93,29,95,127,203,160,153,15,183,87,245,255,100,22,85,126,84,112,55,95,127,203},
{169,180,37,154,125,245,255,100,22,85,126,84,112,55,95,127,203,160,153,15,183,7,180,187,32,95,27,57,90,0,118,27,59,130,238,222,125,254,16,189,171,100,11,120,84,84,112,55,95,127,203,160,153,15,183,87,245,255,100,22,85,126,84,112,55,42,27,130,237,151,65,242,0,253,210,78,22,85,126,84,112,55,95,127,203,160,153,15,183,87,245,255,100,22,85,126,84,112,55,95,111,199,141,179,15,183,87,245,255,100,22,85,126,84,112,55,95,127,203,160,153,15,183,87,245,255,100,22,77,83,126,112,55,95,127,203,160,153,15,183,87,245,255,100,22,85,126,84,112,55,95,118,230,138,153,15,183,87,245,255,100,22,85,126,84,112,114,17,59,230,138,153,15,183,87,245,255,100,22,16},
{48,16,93,29,95,127,203,160,220,65,243,122,223,210,78,22,85,126,84,7,126,17,59,132,247,131,112,241,30,161,139,43,101,22,44,17,53,121,87,43,153,245,220,6,154,125,245,255,100,22,34,55,26,52,120,8,101,180,227,213,78,250,7,129,176,23,85,7,59,17,62,63,86,82,225,141,179,15,183,87,245,182,34,22,34,55,26,52,120,8,113,168,245,203,93,242,25,161,139,37,84,85,42,28,53,121,114,85,203,160,153,15,183,87,245,255,19,95,27,58,27,39,45,32,47,135,225,218,74,222,25,177,182,39,87,1,49,6,120,26,117,127,203,160,153,15,183,87,245,255,100,22,85,9,29,62,115,16,40,197,195,204,93,229,18,187,171,16,87,23,83,126,112,55,95,127,203,160,153,15},
{190,122,223,255,100,22,85,59,26,52,26,117,58,133,228,180,37,154,125,148,175,52,12,54,49,26,62,114,28,43,195,141,179,15,183,87,245,136,45,88,17,49,3,126,80,10,54,209,199,220,91,199,5,186,175,33,68,1,39,55,56,118,17,56,142,228,234,70,240,25,180,179,108,59,127,126,84,112,55,95,127,203,160,155,110,245,4,186,179,49,66,16,13,29,42,114,93,82,225,160,153,15,183,94,249,210,78,22,85,126,84,54,98,17,60,159,233,214,65,191,94,216,213,100,22,85,126,84,112,55,95,30,155,240,131,99,246,14,186,170,48,30,92,83,126,112,55,95,127,142,238,221,34,157,94,216,213,73,60,52,46,4,106,84,16,49,133,229,218,91,191,122,223,255,100,22,85,41,27,34},
{124,12,47,138,227,220,1,211,18,166,188,33,88,17,63,26,36,86,27,59,142,228,149,34,157,87,245,255,100,80,0,48,23,36,126,16,49,195,239,219,69,242,20,161,246,73,60,85,126,84,112,55,95,127,203,233,223,15,248,21,191,186,39,66,79,23,7,17,63,114,85,203,160,153,15,183,87,245,255,100,22,85,126,86,0,101,16,39,130,237,208,91,238,39,167,176,41,70,1,124,121,90,55,95,127,203,160,153,15,183,94,245,171,44,83,27,83,126,93,29,95,127,203,160,153,15,183,87,245,255,100,22,52,46,4,126,83,22,45,159,249,153,18,183,3,167,170,33,59,127,83,126,112,55,95,127,203,160,153,15,183,87,245,255,45,80,85,31,4,32,57,48,47,159,233,214,65,228,89,156},
{177,55,66,20,48,0,112,99,23,58,133,141,179,15,183,87,245,255,100,22,85,126,84,112,55,95,127,203,160,248,95,231,77,154,169,33,68,7,55,16,53,63,114,85,203,160,153,15,183,87,245,255,100,22,85,126,84,112,55,95,127,203,160,153,13,222,25,166,171,37,88,1,124,88,93,29,95,127,203,160,153,15,183,87,245,255,100,22,85,126,84,112,55,95,127,203,239,219,69,242,20,161,243,73,60,85,126,84,112,55,95,127,203,160,153,15,183,87,245,255,100,22,85,126,84,114,95,16,51,143,196,204,93,246,3,188,176,42,20,89,83,126,112,55,95,127,203,160,153,15,183,87,245,255,100,22,85,126,84,112,55,95,111,230,138,153,15,183,87,245,255,100,22,85,126,84,112,55,95,127},
{203,169,180,37,183,87,245,255,100,22,85,126,84,112,55,95,58,133,228,180,37,154,125,245,255,100,22,85,126,84,112,114,19,44,142,233,223,15,248,21,191,186,39,66,91,16,21,61,114,95,98,214,160,155,108,248,19,176,145,43,66,16,124,121,90,55,95,127,203,160,153,15,183,87,245,255,100,89,7,126,27,50,125,26,60,159,174,247,78,250,18,245,226,121,22,87,8,49,2,53,114,85,203,160,153,15,183,87,245,255,100,22,85,126,27,34,55,16,61,129,229,218,91,173,48,176,171,5,66,1,44,29,50,98,11,58,195,162,242,74,238,62,177,253,109,59,127,126,84,112,55,95,127,203,160,153,15,183,87,186,173,100,89,23,52,17,51,99,81,17,138,237,220,21,250,22,161,188,44,30},
{120,84,84,112,55,95,127,203,160,153,15,183,87,245,255,100,22,85,124,42,24,126,27,59,142,238,242,74,238,82,177,244,96,20,120,84,84,112,55,95,127,203,160,153,15,183,87,245,246,100,66,29,59,26,93,29,114,85,203,160,153,15,183,87,245,255,100,22,85,126,53,32,103,81,27,130,242,205,86,183,74,245,171,54,67,16,83,126,112,55,95,127,203,160,153,15,242,25,177,210,78,59,127,126,84,112,55,95,127,203,160,208,73,183,24,183,181,33,85,1,112,58,49,122,26,101,134,225,205,76,255,95,216,213,100,22,85,126,84,112,55,95,127,203,160,153,13,201,63,188,187,32,83,27,21,17,41,50,27,116,207,162,180,37,183,87,245,255,100,22,85,126,93,112,99,23,58,133,141,179},
{34,157,87,245,255,100,22,85,126,84,112,55,95,127,159,225,202,68,185,19,176,185,33,68,93,56,1,62,116,11,54,132,238,145,6,154,125,245,255,100,22,85,126,84,112,55,95,127,203,160,153,15,183,30,179,255,5,70,5,112,53,60,126,9,58,203,244,209,74,249,122,223,255,100,22,85,126,84,112,55,95,127,203,160,153,15,183,87,245,255,100,22,52,46,4,106,66,15,59,138,244,220,124,254,26,165,179,33,115,38,14,92,121,26,117,127,203,160,153,15,183,87,245,255,100,22,85,126,84,112,55,95,127,203,160,248,95,231,77,135,186,34,68,16,45,28,4,114,19,58,155,239,203,91,213,2,161,171,43,88,6,118,93,93,29,95,127,203,160,153,15,183,87,245,255,100,22,85,126,84},
{112,114,17,59,230,138,153,15,183,87,245,255,100,22,85,126,84,112,114,17,59,194,141,179,15,183,87,245,255,100,22,85,59,26,52,26,117,127,203,160,153,74,249,19,216,213,109,59,127,83,126,17,103,15,101,168,239,215,65,242,20,161,247,73,60,85,126,84,112,96,16,45,128,243,201,78,244,18,251,155,33,69,22,59,26,52,118,17,43,185,229,212,64,225,30,187,184,104,59,127,126,84,112,55,25,42,133,227,205,70,248,25,253,176,38,92,16,61,0,121,26,117,127,203,160,153,15,183,87,245,182,34,22,26,60,30,53,116,11,113,165,225,212,74,173,26,180,171,39,94,93,83,126,112,55,95,127,203,160,153,15,183,87,245,255,102,104,61,55,16,52,114,17,20,142,249,156,75,188,83},
{247,210,78,22,85,126,84,112,55,95,127,194,160,205,71,242,25,216,213,73,60,85,126,84,112,55,95,127,203,160,153,15,183,3,180,172,47,24,17,59,18,53,101,87,57,158,238,218,91,254,24,187,247,109,59,127,126,84,112,55,95,127,203,160,153,15,183,87,245,255,100,22,28,56,84,17,103,15,113,170,236,208,89,242,87,161,183,33,88,120,84,84,112,55,95,127,203,160,153,15,183,87,245,255,100,22,85,126,84,112,55,62,47,155,186,236,95,243,22,161,186,23,95,24,46,24,53,82,44,15,195,169,180,37,183,87,245,255,100,22,85,126,84,112,55,95,127,203,160,153,15,183,87,245,158,52,70,79,12,17,54,101,26,44,131,212,220,67,242,7,186,173,48,116,0,42,0,63,121,12},
{119,194,141,179,15,183,87,245,255,100,22,85,126,84,112,55,95,127,203,160,220,65,243,122,223,255,100,22,85,126,84,112,55,95,127,203,160,220,65,243,94,216,213,100,22,85,126,84,112,55,95,58,133,228,180,37,183,87,245,255,33,88,17,83,126,121,26,117,82,225,193,201,95,173,52,186,177,42,83,22,42,92,93,29,95,127,203,160,233,93,248,15,188,178,45,66,12,14,6,63,122,15,43,184,229,203,89,254,20,176,241,20,68,26,51,4,36,85,10,43,159,239,215,103,248,27,177,157,33,81,20,48,88,93,29,95,127,203,160,223,90,249,20,161,182,43,88,93,46,6,63,122,15,43,194,141,179,15,183,87,245,255,100,22,85,55,18,112,86,15,47,197,207,201,91,254,24,187,172,106},
{127,27,45,0,49,121,11,82,225,160,153,15,183,87,245,255,100,22,85,126,84,49,121,27,127,159,249,201,74,191,122,223,255,100,22,85,126,84,112,55,95,127,203,160,153,15,183,87,179,182,54,83,5,44,27,40,126,18,54,159,249,201,93,248,26,165,171,73,60,85,126,84,112,55,95,127,203,160,153,15,183,94,245,226,121,22,87,56,1,62,116,11,54,132,238,155,15,227,31,176,177,73,60,120,84,84,112,55,95,127,203,160,153,15,183,87,245,175,39,87,25,50,92,93,29,95,127,203,160,153,15,183,87,245,255,100,22,85,126,84,112,113,22,45,142,240,203,64,239,30,184,182,48,79,5,44,27,61,103,11,115,230,138,153,15,183,87,245,255,100,22,85,126,84,112,55,95,127,203,240},
{203,64,250,7,161,243,73,60,85,126,84,112,55,95,127,203,160,153,15,183,87,245,255,100,6,120,84,84,112,55,95,127,203,160,153,15,183,87,245,246,73,60,85,126,84,112,55,95,127,203,229,215,75,154,125,245,255,100,22,16,48,16,93,29,86,82,225,141,179,110,231,7,239,156,43,88,27,59,23,36,63,114,85,203,160,153,15,199,27,180,166,33,68,91,29,28,49,101,30,60,159,229,203,110,243,19,176,187,104,59,127,126,84,112,55,25,42,133,227,205,70,248,25,253,246,73,60,85,126,84,112,55,95,127,203,193,201,95,185,51,188,173,48,79,85,99,84,36,101,10,58,230,138,153,15,183,87,245,255,100,22,52,46,4,126,71,26,49,143,233,215,72,211,30,178,182,48,22,72,126},
{26,57,123,114,85,203,160,153,15,242,25,177,210,78,31,120,84,121,90,86,15,47,209,195,214,65,249,18,182,171,108,59,127,126,84,112,55,40,54,133,228,214,88,185,48,160,182,106,114,16,45,0,34,120,6,54,133,231,149,34,157,87,245,255,100,80,0,48,23,36,126,16,49,195,169,180,37,183,87,245,255,100,22,85,126,53,32,103,69,10,133,236,214,78,243,95,252,210,78,22,85,126,84,53,121,27,82,225,169,180,37,154,125,148,175,52,12,38,61,21,62,63,86,82,225,193,201,95,173,34,165,187,37,66,16,13,29,61,103,19,58,174,211,233,7,190,122,223,158,52,70,79,12,17,54,101,26,44,131,212,220,67,242,7,186,173,48,116,0,42,0,63,121,12,119,194,141,179,110,231},
{7,239,138,52,82,20,42,17,2,114,30,59,142,242,145,6,154,125,216,213,48,87,6,53,90,52,114,25,58,153,168,223,90,249,20,161,182,43,88,93,119,121,90,55,95,127,203,233,223,15,214,7,165,241,5,90,28,40,17,112,99,23,58,133,141,179,15,183,87,245,255,100,22,85,31,4,32,45,51,62,146,239,204,91,191,94,216,213,100,22,85,126,17,62,115,114,85,142,238,221,6,154,125,216,213,48,87,6,53,90,35,103,30,40,133,168,223,90,249,20,161,182,43,88,93,119,121,90,55,95,127,203,236,214,76,246,27,245,172,39,87,27,31,0,112,42,95,111,230,138,153,15,183,87,185,176,39,87,25,126,2,57,100,10,62,135,193,205,15,170,87,229,210,78,22,85,126,84,60,120},
{28,62,135,160,220,92,231,54,161,255,121,22,69,83,126,112,55,95,127,135,239,218,78,251,87,167,186,37,82,16,44,53,36,55,66,127,219,141,179,15,183,87,245,179,43,85,20,50,84,36,114,19,58,155,239,203,91,214,3,245,226,100,6,120,84,121,90,55,95,127,203,247,209,70,251,18,245,158,52,70,91,31,24,57,97,26,127,143,239,180,37,183,87,245,255,100,22,85,126,24,63,116,30,51,203,239,210,3,183,18,167,173,100,11,85,46,23,49,123,19,119,141,245,215,76,227,30,186,177,108,31,120,84,84,112,55,95,127,203,160,153,15,183,87,245,179,43,85,20,50,84,62,120,8,127,214,160,214,92,185,20,185,176,39,93,93,119,121,90,55,95,127,203,160,153,15,183,87,245,255},
{100,90,26,61,21,60,55,30,60,159,233,207,74,183,74,245,185,37,90,6,59,121,90,26,117,127,203,160,153,15,183,87,245,255,100,22,85,56,27,34,55,32,115,203,246,216,67,226,18,245,182,42,22,5,63,29,34,100,87,82,225,160,153,15,183,87,245,255,100,22,85,126,84,112,55,95,127,170,240,201,1,216,7,161,182,43,88,6,83,126,112,55,95,127,203,160,153,15,183,87,245,255,109,22,17,49,121,90,55,95,127,203,160,153,15,183,87,245,255,100,22,85,126,84,57,113,95,41,138,236,204,74,183,3,189,186,42,59,127,126,84,112,55,95,127,203,160,153,15,183,87,245,255,100,22,85,126,84,112,118,28,43,130,246,220,15,170,87,161,173,49,83,120,84,84,112,55,95,127,203},
{160,153,15,183,87,245,255,100,22,85,126,84,112,55,29,45,142,225,210,34,157,87,245,255,100,22,85,126,84,112,55,95,127,203,160,153,15,242,25,177,210,78,22,85,126,84,112,55,95,127,203,160,153,15,242,25,177,210,78,59,127,126,84,112,55,95,127,203,160,153,15,183,87,188,185,100,88,26,42,84,49,116,11,54,157,229,153,91,255,18,187,210,78,22,85,126,84,112,55,95,127,203,160,153,15,183,87,245,255,45,80,85,48,27,39,55,65,98,203,244,220,67,242,7,186,173,48,119,1,126,0,56,114,17,82,225,160,153,15,183,87,245,255,100,22,85,126,84,112,55,95,127,203,160,153,15,214,7,165,229,22,83,19,44,17,35,127,43,58,135,229,201,64,229,3,151,170,48,66,26},
{48,7,120,62,114,85,203,160,153,15,183,87,245,255,100,22,85,126,84,112,55,95,127,203,160,153,91,242,27,176,175,43,68,1,31,0,112,42,114,85,203,160,153,15,183,87,245,255,100,22,85,126,84,112,55,95,127,203,160,153,15,183,87,245,177,43,65,85,117,84,96,57,74,82,225,160,153,15,183,87,245,255,100,22,85,126,84,112,55,95,127,142,238,221,34,157,122,223,255,100,22,85,126,84,112,55,95,127,203,160,153,15,183,87,148,175,52,12,32,46,16,49,99,26,12,130,237,201,67,242,50,134,143,108,31,120,84,84,112,55,95,127,203,160,153,15,183,87,245,255,100,22,85,44,17,36,98,13,49,230,138,153,15,183,87,245,255,100,22,85,126,84,112,114,17,59,230,138,180,37},
{183,87,245,255,100,22,85,126,84,112,55,95,54,141,160,248,95,231,89,145,182,54,66,12,83,126,112,55,95,127,203,160,153,15,183,87,245,255,100,22,85,126,27,34,55,17,48,156,160,135,18,183,4,182,190,42,119,1,126,0,56,114,17,82,225,141,179,15,183,87,245,255,100,22,85,126,84,112,55,95,127,203,160,248,95,231,77,134,188,37,88,93,119,121,90,55,95,127,203,160,153,15,183,87,245,255,100,22,85,126,84,35,116,30,49,170,244,153,18,154,125,245,255,100,22,85,126,84,112,55,95,127,203,160,153,15,183,87,245,255,100,88,26,41,84,123,55,77,82,225,160,153,15,183,87,245,255,100,22,85,126,84,53,121,27,82,225,141,179,15,183,87,245,255,100,22,85,126,84,112},
{55,22,57,203,238,214,88,183,73,232,255,50,95,6,43,21,60,86,11,127,159,232,220,65,154,125,245,255,100,22,85,126,84,112,55,95,127,203,160,153,15,183,54,165,175,126,119,5,46,24,41,65,22,44,158,225,213,92,191,94,216,213,100,22,85,126,84,112,55,95,127,203,160,153,15,183,87,245,169,45,69,0,63,24,17,99,95,98,230,138,153,15,183,87,245,255,100,22,85,126,84,112,55,95,127,203,160,153,15,183,25,186,168,100,29,85,111,121,90,55,95,127,203,160,153,15,183,87,245,255,100,83,27,58,121,90,26,117,127,203,160,153,15,183,87,245,255,100,22,85,55,18,112,121,16,40,203,190,132,15,242,4,165,158,48,22,1,54,17,62,26,117,127,203,160,153,15,183,87,245},
{255,100,22,85,126,84,112,55,62,47,155,186,236,95,243,22,161,186,23,95,24,46,24,53,82,44,15,195,169,180,37,183,87,245,255,100,22,85,126,84,112,55,95,127,203,160,153,74,228,7,148,171,100,11,120,84,84,112,55,95,127,203,160,153,15,183,87,245,255,100,22,85,126,84,112,55,17,48,156,160,146,15,167,89,231,234,73,60,85,126,84,112,55,95,127,203,160,153,15,183,18,187,187,73,60,120,84,84,112,55,95,127,203,160,153,15,183,87,245,182,34,22,27,49,3,112,41,66,127,159,229,213,74,231,24,167,171,5,66,85,42,28,53,121,114,85,203,160,153,15,183,87,245,255,100,22,85,126,84,112,55,95,30,155,240,131,125,242,17,167,186,55,94,33,59,24,53,103,16,45},
{159,194,204,91,227,24,187,172,108,31,120,84,84,112,55,95,127,203,160,153,15,183,87,245,255,100,22,85,42,17,60,114,15,48,153,244,248,91,183,74,216,213,100,22,85,126,84,112,55,95,127,203,160,153,15,183,87,245,255,100,22,85,48,27,39,55,84,127,219,174,140,34,157,87,245,255,100,22,85,126,84,112,55,95,127,142,238,221,34,157,122,223,255,100,22,85,126,84,112,55,95,127,203,160,208,73,183,54,165,175,106,121,5,42,29,63,121,12,113,170,245,205,64,211,5,180,168,33,68,6,83,126,112,55,95,127,203,160,153,15,183,87,245,255,100,22,85,126,27,34,55,62,47,155,174,246,95,227,30,186,177,55,24,52,43,0,63,71,19,62,133,235,202,15,227,31,176,177,73,60},
{120,84,84,112,55,95,127,203,160,153,15,183,87,245,255,100,22,85,31,4,32,45,62,42,159,239,212,78,227,18,133,173,43,91,5,42,7,120,62,114,85,203,160,153,15,183,87,245,255,100,22,85,126,17,62,115,114,85,230,138,153,15,183,87,245,255,100,22,85,126,84,112,86,15,47,209,211,214,67,225,18,134,171,33,70,93,119,121,90,26,117,127,203,160,153,15,183,87,245,255,100,22,85,55,18,112,121,16,40,203,190,132,15,229,18,180,187,33,68,52,42,84,36,127,26,49,230,138,153,15,183,87,245,255,100,22,85,126,84,112,55,95,127,203,193,201,95,173,34,165,187,37,66,16,12,17,49,115,26,45,195,169,180,37,183,87,245,255,100,22,85,126,84,112,55,95,127,203,160,153},
{93,242,22,177,186,54,119,1,126,73,93,29,95,127,203,160,153,15,183,87,245,255,100,22,85,126,84,112,55,95,127,203,238,214,88,183,92,245,239,106,5,120,84,84,112,55,95,127,203,160,153,15,183,87,245,186,42,82,120,84,84,112,55,95,127,203,160,153,74,249,19,252,210,78,59,127,126,84,112,55,95,127,203,160,208,73,183,25,186,171,100,89,30,126,0,56,114,17,82,225,160,153,15,183,87,245,255,100,22,85,126,84,17,103,15,113,184,244,216,91,226,4,245,226,73,60,85,126,84,112,55,95,127,203,160,153,15,183,87,245,255,100,20,39,59,0,34,110,22,49,140,186,153,13,183,89,251,210,78,22,85,126,84,112,55,95,127,203,160,153,15,183,87,245,255,48,89,6,42,6},
{57,121,24,119,142,242,203,6,173,4,160,189,108,59,127,126,84,112,55,95,127,203,160,153,15,183,87,245,255,100,22,85,126,84,112,38,83,82,225,160,153,15,183,87,245,255,100,22,85,126,84,112,55,95,127,203,160,153,15,166,71,229,210,78,22,85,126,84,112,55,95,127,203,160,153,15,183,87,245,255,109,59,127,83,126,112,55,95,127,203,160,153,15,183,87,245,255,51,87,7,48,92,93,29,95,127,203,160,153,15,183,87,245,255,100,22,85,126,84,112,53,50,16,165,207,250,103,197,56,152,154,126,22,87,126,90,126,26,117,127,203,160,153,15,183,87,245,255,100,22,85,126,84,112,55,11,48,152,244,203,70,249,16,253,186,54,68,92,83,126,112,55,95,127,203,160,153,15,183,87},
{245,255,109,59,127,83,126,112,55,95,127,203,160,153,15,183,87,245,255,48,87,6,53,90,39,118,22,43,195,177,144,34,157,87,245,255,100,22,85,126,84,53,121,27,82,225,141,179,15,183,87,245,255,100,22,85,42,21,35,124,81,40,138,233,205,7,167,89,228,246,73,60,85,126,84,112,114,17,59,230,138,220,65,243,94}
}

local __d={}
local __n=0
for _,__c in ipairs(__p) do
    for __i=1,#__c do
        __n=__n+1
        __d[__n]=string.char(bit32.bxor(__c[__i],__k[((__n-1)%#__k)+1]))
    end
end

local __src=table.concat(__d)
__d=nil
__p=nil
__k=nil

local __load=loadstring or load
if type(__load)~="function" then
    error("MONOCHROME: compatible loader unavailable")
end

local __fn,__err=__load(__src,"@MONOCHROME")
__src=nil
if not __fn then error(__err) end
return __fn()
